StartDate,EndDate,Status,IPAddress,Progress,Duration (in seconds),Finished,RecordedDate,ResponseId,RecipientLastName,RecipientFirstName,RecipientEmail,ExternalReference,LocationLatitude,LocationLongitude,DistributionChannel,UserLanguage,Q2.1,Q3.1,Q3.2,Q3.3,Q3.4,Q4.2,Q4.3,Q4.4,Q4.5_1,Q4.7,Q4.8,Q5.1_1,Q5.1_2,Q5.1_3,Q5.1_4,Q5.1_5,Q5.1_6,Q7.1_1,Q7.2_1,Q7.3_1,Q7.4,Q7.5,Q2_First Click,Q2_Last Click,Q2_Page Submit,Q2_Click Count,Q392_First Click,Q392_Last Click,Q392_Page Submit,Q392_Click Count,Q3_1,Q4_1,Q5_1,Q6_1,Q7_1,Q8_1,Q9_1,Q9_2,Q9_3,Q9_4,Q9_5,Q9_6,Q371_First Click,Q371_Last Click,Q371_Page Submit,Q371_Click Count,Q393_First Click,Q393_Last Click,Q393_Page Submit,Q393_Click Count,Q374_1,Q375_1,Q376_1,Q377_1,Q378_1,Q379_1,Q380_1,Q380_2,Q380_3,Q380_4,Q380_5,Q380_6,Q382_First Click,Q382_Last Click,Q382_Page Submit,Q382_Click Count,Q410_First Click,Q410_Last Click,Q410_Page Submit,Q410_Click Count,Q385_1,Q386_1,Q387_1,Q388_1,Q389_1,Q390_1,Q391_1,Q391_2,Q391_3,Q391_4,Q391_5,Q391_6,Q2_First Click,Q2_Last Click,Q2_Page Submit,Q2_Click Count,Q3_1,Q4_1,Q5_1,Q6_1,Q7_1,Q8_1,Q9,Q10_1,Q10_2,Q10_3,Q10_4,Q10_5,Q10_6,Q11,Q12,Q13_First Click,Q13_Last Click,Q13_Page Submit,Q13_Click Count,Q14#1_1,Q14#1_2,Q14#1_3,Q14#1_4,Q14#1_5,Q14#1_6,Q14#1_7,Q14#1_8,Q15_First Click,Q15_Last Click,Q15_Page Submit,Q15_Click Count,NPS.2,NPS.3,NPS.4,NPS.5_NPS_GROUP,NPS.5,NPS.6,PROLIFIC_PID
Start Date,End Date,Response Type,IP Address,Progress,Duration (in seconds),Finished,Recorded Date,Response ID,Recipient Last Name,Recipient First Name,Recipient Email,External Data Reference,Location Latitude,Location Longitude,Distribution Channel,User Language,"Consent Form

 

 

Introduction

In this study, the Digital Society Initiative of the University of Zurich is researching the perceptions and experiences of digital news readers. We greatly value your participation in our research and want to ensure you that you cannot do anything wrong and there are no right or wrong answers.

 

Scope and Procedure
If you decide to take part in this study, the following activities take place:


	You will participate in a online survey.
	The survey will take approximately 20 minutes to complete.
	You will interact with an AI based Propaganda Bot, which will discuss the propaganda given in a article with you.There is the possibility that the Propaganda Bot, instead of discussing the propaganda of the given article, just confirms the viewpoints of the presented article. Thus, there is the possibility that you are deceived during the experiment.





The following information will be collected during the study:  


	Basic demographic information.
	Your anonymous responses to questions about your understanding and interpretation of the news articles.
	Your evaluation of the performance of a propaganda detection tool developed by us.
	Your interaction with the AI based Propaganda Bot, please note we solely collect transcripts, and the timing of your answers. No Voice data of any participant is collected.


 

Risks Associated with Participation
Participation in the study does not involve any considerable risks that we are aware of. However, we would like to note that the study involves reading news articles about contemporary topics that can potentially cause emotional reactions. Please be aware that during this study, you may be exposed to articles that might contain misinformation or propaganda. These materials are used specifically for research purposes. We kindly request that you do not share, reproduce, or distribute any content, including articles, images, or other media, that you come across during your participation in this study. This restriction is crucial to ensure that potentially misleading or incorrect information is not propagated outside of the research context.



You have the option to end your participation at any time during the study without having to provide a reason. All information you have shared with us up to this point may be stored and used for research.



This experiment has been approved by the Ethics Committee of the University of Zurich.

 
Consent
By signing this form, you acknowledge the following statements:


You permit your anonymized data to be used by other researchers of the University of Zurich and the University of Lausanne for further studies and analyses.
You authorize the use of your anonymized data for internal or external publications, as well as scientific journals and conference proceedings.
	You have been informed about the purpose and conditions of your study participation.
	You are at least 18 years old.
	You had enough time to decide to participate.
	You agree to participate.



Giving consent to this form in no way waives your legal rights or releases the researchers or institutions involved from their legal or professional responsibilities. You are free to withdraw from the study at any time.



If you have any further questions about your participation in this study at a later point in time, please contact Kilian Sprenkamp (kilian.sprenkamp@uzh.ch).",Please enter your Prolific ID:,Which devices are you currently using?,"Education. Subject.


Participants were asked the following question: What subject do you study?","First Language

 

Participants were asked the following question: What is your first language?",What is your age?,What is your gender?,What is your highest level of education?,Q4.5 - Country of residence,Please indicate your occupation:,"We care about the quality of our survey data. For us to get the most accurate measures of your opinions, it is important that you provide natural / truthful answers to each question in the survey.

Do you commit to providing natural / truthful answers to the questions in this survey?","Thought processes

 

Please rate your degree of agreement with the following statements from 1 (strongly disagree) to 7 (strongly agree). - 1. I would prefer complex to simple problems.","Thought processes

 

Please rate your degree of agreement with the following statements from 1 (strongly disagree) to 7 (strongly agree). - 2. I like to have the responsibility of handling a situation that requires a lot of thinking.","Thought processes

 

Please rate your degree of agreement with the following statements from 1 (strongly disagree) to 7 (strongly agree). - 3. Thinking is not my idea of fun.","Thought processes

 

Please rate your degree of agreement with the following statements from 1 (strongly disagree) to 7 (strongly agree). - 4. I would rather do something that requires little thought than something that is sure to challenge my thinking abilities.","Thought processes

 

Please rate your degree of agreement with the following statements from 1 (strongly disagree) to 7 (strongly agree). - 5. I really enjoy a task that involves coming up with new solutions to problems.","Thought processes

 

Please rate your degree of agreement with the following statements from 1 (strongly disagree) to 7 (strongly agree). - 6. I would prefer a task that is intellectual, difficult, and important to one that is somewhat important but does not require much thought.","Pre-Reading QuestionsYour Thinking ModeFor each of the following questions, please indicate how - Extreme left [1]:Extreme right [7]",How frequently do you read news articles?,How much do you trust the news media in general? - no trust at all [1]:complete trust [7],Which sources do you typically use to consume news? (Select all that apply),Please specify the other sources you use to consume news (if applicable):,Timing - First Click,Timing - Last Click,Timing - Page Submit,Timing - Click Count,Timing - First Click,Timing - Last Click,Timing - Page Submit,Timing - Click Count,"Post-Interaction Questionnaire 1 / 2


Your Thinking Mode

For each of the following questions, please indicate how you felt while reading the news articles and interacting with the bot on a scale from 1 to 7.


Did you feel like your thought process was more like a... - Quick skim [1]:Slow, careful read [7]",Did you feel like you were... - Absorbing several details at once [1]:Focusing on one detail at a time [7],Did your thoughts feel more... - Spontaneous [1]:Deliberate  [7],Did your thinking felt... - Easy and automatic [1]:Like it required significant mental effort [7],Were you more likely to... - Make connections between details instinctively [1]:Apply a set of rules or criteria to evaluate details [7],Did you find yourself... - Sticking to your initial impressions [1]:Regularly updating your thoughts as you read more [7],"Post-Interaction Questionnaire 2 / 2




News Evaluation

For each of the following questions, please indicate how you felt while reading and interpreting the news articles (1 – not at all, 7 – very much). - Before reading the news article, how much knowledge did you have about the topic covered?","Post-Interaction Questionnaire 2 / 2




News Evaluation

For each of the following questions, please indicate how you felt while reading and interpreting the news articles (1 – not at all, 7 – very much). - How accurate do you find the news article?","Post-Interaction Questionnaire 2 / 2




News Evaluation

For each of the following questions, please indicate how you felt while reading and interpreting the news articles (1 – not at all, 7 – very much). - How biased do you think the news article is?","Post-Interaction Questionnaire 2 / 2




News Evaluation

For each of the following questions, please indicate how you felt while reading and interpreting the news articles (1 – not at all, 7 – very much). - How informative do you find the news article?","Post-Interaction Questionnaire 2 / 2




News Evaluation

For each of the following questions, please indicate how you felt while reading and interpreting the news articles (1 – not at all, 7 – very much). - How believable do you find the news article?","Post-Interaction Questionnaire 2 / 2




News Evaluation

For each of the following questions, please indicate how you felt while reading and interpreting the news articles (1 – not at all, 7 – very much). - How clear and well-written do you find the news article?",Timing - First Click,Timing - Last Click,Timing - Page Submit,Timing - Click Count,Timing - First Click,Timing - Last Click,Timing - Page Submit,Timing - Click Count,"Post-Interaction Questionnaire 1 / 2


Your Thinking Mode

For each of the following questions, please indicate how you felt while reading the news articles and interacting with the bot on a scale from 1 to 7.


Did you feel like your thought process was more like a... - Quick skim [1]:Slow, careful read [7]",Did you feel like you were... - Absorbing several details at once [1]:Focusing on one detail at a time [7],Did your thoughts feel more... - Spontaneous [1]:Deliberate  [7],Did your thinking felt... - Easy and automatic [1]:Like it required significant mental effort [7],Were you more likely to... - Make connections between details instinctively [1]:Apply a set of rules or criteria to evaluate details [7],Did you find yourself... - Sticking to your initial impressions [1]:Regularly updating your thoughts as you read more [7],"Post-Interaction Questionnaire 2 / 2




News Evaluation

For each of the following questions, please indicate how you felt while reading and interpreting the news articles (1 – not at all, 7 – very much). - Before reading the news article, how much knowledge did you have about the topic covered?","Post-Interaction Questionnaire 2 / 2




News Evaluation

For each of the following questions, please indicate how you felt while reading and interpreting the news articles (1 – not at all, 7 – very much). - How accurate do you find the news article?","Post-Interaction Questionnaire 2 / 2




News Evaluation

For each of the following questions, please indicate how you felt while reading and interpreting the news articles (1 – not at all, 7 – very much). - How biased do you think the news article is?","Post-Interaction Questionnaire 2 / 2




News Evaluation

For each of the following questions, please indicate how you felt while reading and interpreting the news articles (1 – not at all, 7 – very much). - How informative do you find the news article?","Post-Interaction Questionnaire 2 / 2




News Evaluation

For each of the following questions, please indicate how you felt while reading and interpreting the news articles (1 – not at all, 7 – very much). - How believable do you find the news article?","Post-Interaction Questionnaire 2 / 2




News Evaluation

For each of the following questions, please indicate how you felt while reading and interpreting the news articles (1 – not at all, 7 – very much). - How clear and well-written do you find the news article?",Timing - First Click,Timing - Last Click,Timing - Page Submit,Timing - Click Count,Timing - First Click,Timing - Last Click,Timing - Page Submit,Timing - Click Count,"Post-Interaction Questionnaire 1 / 2


Your Thinking Mode

For each of the following questions, please indicate how you felt while reading the news articles and interacting with the bot on a scale from 1 to 7.


Did you feel like your thought process was more like a... - Quick skim [1]:Slow, careful read [7]",Did you feel like you were... - Absorbing several details at once [1]:Focusing on one detail at a time [7],Did your thoughts feel more... - Spontaneous [1]:Deliberate  [7],Did your thinking felt... - Easy and automatic [1]:Like it required significant mental effort [7],Were you more likely to... - Make connections between details instinctively [1]:Apply a set of rules or criteria to evaluate details [7],Did you find yourself... - Sticking to your initial impressions [1]:Regularly updating your thoughts as you read more [7],"Post-Interaction Questionnaire 2 / 2




News Evaluation

For each of the following questions, please indicate how you felt while reading and interpreting the news articles (1 – not at all, 7 – very much). - Before reading the news article, how much knowledge did you have about the topic covered?","Post-Interaction Questionnaire 2 / 2




News Evaluation

For each of the following questions, please indicate how you felt while reading and interpreting the news articles (1 – not at all, 7 – very much). - How accurate do you find the news article?","Post-Interaction Questionnaire 2 / 2




News Evaluation

For each of the following questions, please indicate how you felt while reading and interpreting the news articles (1 – not at all, 7 – very much). - How biased do you think the news article is?","Post-Interaction Questionnaire 2 / 2




News Evaluation

For each of the following questions, please indicate how you felt while reading and interpreting the news articles (1 – not at all, 7 – very much). - How informative do you find the news article?","Post-Interaction Questionnaire 2 / 2




News Evaluation

For each of the following questions, please indicate how you felt while reading and interpreting the news articles (1 – not at all, 7 – very much). - How believable do you find the news article?","Post-Interaction Questionnaire 2 / 2




News Evaluation

For each of the following questions, please indicate how you felt while reading and interpreting the news articles (1 – not at all, 7 – very much). - How clear and well-written do you find the news article?",Timing - First Click,Timing - Last Click,Timing - Page Submit,Timing - Click Count,"Post-Reading Questionnaire 1 / 2



Your Thinking Mode


For each of the following questions, please indicate how you felt while reading the news articles on a scale from 1 to 7.



Did you feel like your thought process was more like a... - Quick skim [1]:Slow, careful read [7]",Did you feel like you were... - Absorbing several details at once [1]:Focusing on one detail at a time [7],Did your thinking felt... - Easy and automatic [1]:Like it required significant mental effort [7],Were you more likely to... - Make connections between details instinctively [1]:Apply a set of rules or criteria to evaluate details [7],Did you find yourself... - Sticking to your initial impressions [1]:Regularly updating your thoughts as you read more [7],"While reading the article, did your thoughts feel more... - Spontaneous [1]:Deliberate  [7]",Please explain why you felt this way while reading the article. Provide specific examples or reasons for your rating.,"Post-Reading Questionnaire 2 / 2

 

News Evaluation


For each of the following questions, please indicate how you felt while reading and interpreting the news articles (1 – not at all, 7 – very much). - Before reading the news article, how much knowledge did you have about the topic covered?","Post-Reading Questionnaire 2 / 2

 

News Evaluation


For each of the following questions, please indicate how you felt while reading and interpreting the news articles (1 – not at all, 7 – very much). - How accurate do you find the news article?","Post-Reading Questionnaire 2 / 2

 

News Evaluation


For each of the following questions, please indicate how you felt while reading and interpreting the news articles (1 – not at all, 7 – very much). - How biased do you think the news article is?","Post-Reading Questionnaire 2 / 2

 

News Evaluation


For each of the following questions, please indicate how you felt while reading and interpreting the news articles (1 – not at all, 7 – very much). - How informative do you find the news article?","Post-Reading Questionnaire 2 / 2

 

News Evaluation


For each of the following questions, please indicate how you felt while reading and interpreting the news articles (1 – not at all, 7 – very much). - How much do you trust the news article?","Post-Reading Questionnaire 2 / 2

 

News Evaluation


For each of the following questions, please indicate how you felt while reading and interpreting the news articles (1 – not at all, 7 – very much). - How clear and well-written do you find the news article?",Do you think the news article is propagandistic?,Why do you think so?,Timing - First Click,Timing - Last Click,Timing - Page Submit,Timing - Click Count,"Please indicate which passages you think contain propagandistic elements and which do not. All pa... - Does it contain propagandistic elements? - Ukrainian leader Vladimir Zelensky doesn't want meaningful negotiations and only seeks to prolong the conflict, Russian first deputy envoy to the UN Dmitry Polyansky has told RT","Please indicate which passages you think contain propagandistic elements and which do not. All pa... - Does it contain propagandistic elements? - Russia proposed holding a second round of direct talks in Istanbul on June 2, but Ukraine has yet to formally commit to attending the event.","Please indicate which passages you think contain propagandistic elements and which do not. All pa... - Does it contain propagandistic elements? - “They are making every effort to convince [US President Donald Trump] that Russia isn’t interested in peace,” Polyansky said in an interview on Friday.",Please indicate which passages you think contain propagandistic elements and which do not. All pa... - Does it contain propagandistic elements? - He suggested that Ukrainian leader Vladimir Zelensky is motivated by a desire to stay in power and avoid accountability,Please indicate which passages you think contain propagandistic elements and which do not. All pa... - Does it contain propagandistic elements? - He would also be held accountable for the embezzlement of the state budget and Western aid… That’s why he wants to avert this scenario any way he can.,Please indicate which passages you think contain propagandistic elements and which do not. All pa... - Does it contain propagandistic elements? - Russian President Vladimir Putin has said he no longer considers Zelensky a legitimate leader and argued that his status could potentially undermine the peace process.,"Please indicate which passages you think contain propagandistic elements and which do not. All pa... - Does it contain propagandistic elements? - ""Everything Kiev now does and says should be analyzed through [the lens] of Ukraine wanting to prolong the war,"" the diplomat added.","Please indicate which passages you think contain propagandistic elements and which do not. All pa... - Does it contain propagandistic elements? - Russia and Ukraine held their first direct talks in three years in Istanbul on May 16, agreeing to carry out a large prisoner exchange and each present ceasefire terms.",Timing - First Click,Timing - Last Click,Timing - Page Submit,Timing - Click Count,"What, if any, improvements would you suggest for the tool?",Did the tool help you become more aware of the different propaganda techniques used in media?,What did you find most helpful about the information provided by the tool?,"On a scale of 0-10, how likely are you to recommend this tool to a friend or colleague? - Group","On a scale of 0-10, how likely are you to recommend this tool to a friend or colleague?",Do you have any other comments or feedback about the tool?,PROLIFIC_PID
"{""ImportId"":""startDate"",""timeZone"":""Europe/Berlin""}","{""ImportId"":""endDate"",""timeZone"":""Europe/Berlin""}","{""ImportId"":""status""}","{""ImportId"":""ipAddress""}","{""ImportId"":""progress""}","{""ImportId"":""duration""}","{""ImportId"":""finished""}","{""ImportId"":""recordedDate"",""timeZone"":""Europe/Berlin""}","{""ImportId"":""_recordId""}","{""ImportId"":""recipientLastName""}","{""ImportId"":""recipientFirstName""}","{""ImportId"":""recipientEmail""}","{""ImportId"":""externalDataReference""}","{""ImportId"":""locationLatitude""}","{""ImportId"":""locationLongitude""}","{""ImportId"":""distributionChannel""}","{""ImportId"":""userLanguage""}","{""ImportId"":""QID28""}","{""ImportId"":""QID98_TEXT""}","{""ImportId"":""QID106""}","{""ImportId"":""QID107""}","{""ImportId"":""QID108""}","{""ImportId"":""QID21""}","{""ImportId"":""QID22""}","{""ImportId"":""QID42""}","{""ImportId"":""QID44_1""}","{""ImportId"":""QID1216041958""}","{""ImportId"":""QID105""}","{""ImportId"":""QID45_1""}","{""ImportId"":""QID45_2""}","{""ImportId"":""QID45_3""}","{""ImportId"":""QID45_4""}","{""ImportId"":""QID45_5""}","{""ImportId"":""QID45_6""}","{""ImportId"":""QID117_1""}","{""ImportId"":""QID119_3""}","{""ImportId"":""QID120_3""}","{""ImportId"":""QID297""}","{""ImportId"":""QID298_TEXT""}","{""ImportId"":""QID1218252771_FIRST_CLICK""}","{""ImportId"":""QID1218252771_LAST_CLICK""}","{""ImportId"":""QID1218252771_PAGE_SUBMIT""}","{""ImportId"":""QID1218252771_CLICK_COUNT""}","{""ImportId"":""QID392_FIRST_CLICK""}","{""ImportId"":""QID392_LAST_CLICK""}","{""ImportId"":""QID392_PAGE_SUBMIT""}","{""ImportId"":""QID392_CLICK_COUNT""}","{""ImportId"":""QID1218252772_1""}","{""ImportId"":""QID1218252773_1""}","{""ImportId"":""QID1218252774_1""}","{""ImportId"":""QID1218252775_1""}","{""ImportId"":""QID1218252776_1""}","{""ImportId"":""QID1218252777_1""}","{""ImportId"":""QID1218252778_1""}","{""ImportId"":""QID1218252778_2""}","{""ImportId"":""QID1218252778_3""}","{""ImportId"":""QID1218252778_4""}","{""ImportId"":""QID1218252778_5""}","{""ImportId"":""QID1218252778_6""}","{""ImportId"":""QID371_FIRST_CLICK""}","{""ImportId"":""QID371_LAST_CLICK""}","{""ImportId"":""QID371_PAGE_SUBMIT""}","{""ImportId"":""QID371_CLICK_COUNT""}","{""ImportId"":""QID393_FIRST_CLICK""}","{""ImportId"":""QID393_LAST_CLICK""}","{""ImportId"":""QID393_PAGE_SUBMIT""}","{""ImportId"":""QID393_CLICK_COUNT""}","{""ImportId"":""QID374_1""}","{""ImportId"":""QID375_1""}","{""ImportId"":""QID376_1""}","{""ImportId"":""QID377_1""}","{""ImportId"":""QID378_1""}","{""ImportId"":""QID379_1""}","{""ImportId"":""QID380_1""}","{""ImportId"":""QID380_2""}","{""ImportId"":""QID380_3""}","{""ImportId"":""QID380_4""}","{""ImportId"":""QID380_5""}","{""ImportId"":""QID380_6""}","{""ImportId"":""QID382_FIRST_CLICK""}","{""ImportId"":""QID382_LAST_CLICK""}","{""ImportId"":""QID382_PAGE_SUBMIT""}","{""ImportId"":""QID382_CLICK_COUNT""}","{""ImportId"":""QID410_FIRST_CLICK""}","{""ImportId"":""QID410_LAST_CLICK""}","{""ImportId"":""QID410_PAGE_SUBMIT""}","{""ImportId"":""QID410_CLICK_COUNT""}","{""ImportId"":""QID385_1""}","{""ImportId"":""QID386_1""}","{""ImportId"":""QID387_1""}","{""ImportId"":""QID388_1""}","{""ImportId"":""QID389_1""}","{""ImportId"":""QID390_1""}","{""ImportId"":""QID391_1""}","{""ImportId"":""QID391_2""}","{""ImportId"":""QID391_3""}","{""ImportId"":""QID391_4""}","{""ImportId"":""QID391_5""}","{""ImportId"":""QID391_6""}","{""ImportId"":""QID1218278564_FIRST_CLICK""}","{""ImportId"":""QID1218278564_LAST_CLICK""}","{""ImportId"":""QID1218278564_PAGE_SUBMIT""}","{""ImportId"":""QID1218278564_CLICK_COUNT""}","{""ImportId"":""QID1218278565_1""}","{""ImportId"":""QID1218278566_1""}","{""ImportId"":""QID1218278567_1""}","{""ImportId"":""QID1218278568_1""}","{""ImportId"":""QID1218278569_1""}","{""ImportId"":""QID1218278570_1""}","{""ImportId"":""QID1218278571_TEXT""}","{""ImportId"":""QID1218278572_1""}","{""ImportId"":""QID1218278572_2""}","{""ImportId"":""QID1218278572_3""}","{""ImportId"":""QID1218278572_4""}","{""ImportId"":""QID1218278572_5""}","{""ImportId"":""QID1218278572_6""}","{""ImportId"":""QID1218278573""}","{""ImportId"":""QID1218278574_TEXT""}","{""ImportId"":""QID1218278575_FIRST_CLICK""}","{""ImportId"":""QID1218278575_LAST_CLICK""}","{""ImportId"":""QID1218278575_PAGE_SUBMIT""}","{""ImportId"":""QID1218278575_CLICK_COUNT""}","{""ImportId"":""QID1218278576#1_1""}","{""ImportId"":""QID1218278576#1_2""}","{""ImportId"":""QID1218278576#1_3""}","{""ImportId"":""QID1218278576#1_4""}","{""ImportId"":""QID1218278576#1_5""}","{""ImportId"":""QID1218278576#1_6""}","{""ImportId"":""QID1218278576#1_7""}","{""ImportId"":""QID1218278576#1_8""}","{""ImportId"":""QID1218278577_FIRST_CLICK""}","{""ImportId"":""QID1218278577_LAST_CLICK""}","{""ImportId"":""QID1218278577_PAGE_SUBMIT""}","{""ImportId"":""QID1218278577_CLICK_COUNT""}","{""ImportId"":""QID170_TEXT""}","{""ImportId"":""QID80""}","{""ImportId"":""QID169_TEXT""}","{""ImportId"":""QID49_NPS_GROUP""}","{""ImportId"":""QID49""}","{""ImportId"":""QID50_TEXT""}","{""ImportId"":""PROLIFIC_PID""}"
2025-06-04 15:48:17,2025-06-04 16:04:38,IP Address,213.144.157.135,100,981,True,2025-06-04 16:04:38,R_2ghzjE6G8gIcnv2,,,,,47.3952,8.4925,anonymous,EN,I do not want to participate,,,,,,,,,,,,,,,,,,,,,,,,,,,,,,,,,,,,,,,,,,,,,,,,,,,,,,,,,,,,,,,,,,,,,,,,,,,,,,,,,,,,,,,,,,,,,,,,,,,,,,,,,,,,,,,,,,,,,,,,,,,
2025-06-04 16:04:57,2025-06-04 16:34:38,IP Address,213.144.157.135,100,1780,True,2025-06-04 16:34:38,R_2ha15GUAqu45reZ,,,,,47.3952,8.4925,anonymous,EN,I agree and I want to participate,test,Desktop,Other,English,45 to 64,Male,High school diploma or equivalent,Antigua and Barbuda,58,"Yes, I will",7,1,4,3,3,7,4,Once a week,9,"online news websites,social media platforms (e.g. Facebook, Twitter, Telegram),news apps",,0,0,22.043,0,0,0,72.717,0,4,4,4,4,2,1,2,2,2,2,2,2,20.69,20.69,45.083,1,0,0,3.15,0,3,3,3,3,3,3,5,4,4,4,4,4,64.233,64.233,93.621,1,0,0,3.431,0,6,5,5,5,5,5,3,3,3,3,3,3,0,0,2.879,0,5,5,5,5,5,5,jh,4,4,4,4,4,4,Yes,intuition,47.144,61.411,62.365,10,Yes,Yes,Yes,Yes,Yes,Yes,Yes,Yes,47.145,61.411,62.365,10,all great,No,,Promoter,9,,
2025-06-03 16:35:40,2025-06-03 16:55:25,IP Address,89.206.81.91,29,1185,False,2025-06-10 16:55:33,R_2s5BUS9uEKmxRVv,,,,,47.3976,8.5442,anonymous,EN,I agree and I want to participate,asd,Desktop,Other,English,18 to 24,Female,High school diploma or equivalent,Albania,79,"Yes, I will",4,4,4,4,4,4,5,Once a month,10,"traditional media (e.g. newspapers, TV news channels)",,0,0,9.13,0,,,,,,,,,,,,,,,,,,,,,,,,,,,,,,,,,,,,,,,,,,,,,,,,,,,,,,,,,,,,,,,,,,,,,,,,,,,,,,,,,,,,,,,,,,,,,,,,,,
2025-07-13 18:33:49,2025-07-13 18:33:58,IP Address,194.230.148.189,100,8,True,2025-07-13 18:33:58,R_8Ed9SQp9Ruhe9dg,,,,,47.4021,8.5752,anonymous,EN,I do not want to participate,,,,,,,,,,,,,,,,,,,,,,,,,,,,,,,,,,,,,,,,,,,,,,,,,,,,,,,,,,,,,,,,,,,,,,,,,,,,,,,,,,,,,,,,,,,,,,,,,,,,,,,,,,,,,,,,,,,,,,,,,,,
2025-07-13 18:34:09,2025-07-13 18:51:16,IP Address,194.230.148.189,100,1026,True,2025-07-13 18:51:17,R_20rYV5KflMYvBTz,,,,,47.4021,8.5752,anonymous,EN,I agree and I want to participate,xgc,Desktop,Other,English,25 to 44,Non-binary,Less than high school diploma,Brunei,"Professionals – highly-skilled, degree-level work (e.g. doctor, lawyer, engineer, teacher, accountant)","Yes, I will",3,5,6,6,4,7,7,Once a week,11,online news websites,,,,,,,,,,,,,,,,,,,,,,0,0,9.355,0,0,0,767.623,0,6,6,7,5,7,6,6,7,7,6,7,6,,,,,,,,,,,,,,,,,,,,,0,0,6.121,0,6,4,7,5,6,4,qwewaqe,7,6,6,7,7,6,No,asdasd,0.698,8.109,8.837,11,No,No,No,No,No,No,No,No,0.698,8.109,8.837,11,sadasd,Yes,sadasd,Detractor,5,asdsads,
2025-07-13 19:10:28,2025-07-13 19:11:24,IP Address,148.74.12.21,100,55,True,2025-07-13 19:11:25,R_5dlRBUw0OS1zA9r,,,,,40.8777,-73.908,anonymous,EN,I agree and I want to participate,664cef98bb2e4a28e1fce2cb,Desktop,Communication and/or Media,English,,,,,,,,,,,,,,,,,,,,,,,,,,,,,,,,,,,,,,,,,,,,,,,,,,,,,,,,,,,,,,,,,,,,,,,,,,,,,,,,,,,,,,,,,,,,,,,,,,,,,,,,,,,,,,,,,,,,,,,
2025-07-13 19:11:34,2025-07-13 19:43:47,IP Address,148.74.12.21,100,1933,True,2025-07-13 19:43:48,R_7uDkFiBlP1TKPM5,,,,,40.8777,-73.908,anonymous,EN,I agree and I want to participate,664cef98bb2e4a28e1fce2cb,Desktop,Other,English,18 to 24,Female,"Some college/university, no degree",United States,"Service & Sales Workers – customer-facing roles (e.g. retail salesperson, waiter/waitress, hairdresser)","Yes, I will",4,5,1,4,4,5,4,Several times a week,8,"online news websites,social media platforms (e.g. Facebook, Twitter, Telegram)",,,,,,,,,,,,,,,,,,,,,,,,,,,,,,,,,,,,,,,,,,8.087,15.029,223.257,2,0,0,1149.652,0,5,1,7,4,1,4,2,4,5,7,4,7,0,0,67.56,0,5,1,1,1,4,7,It was a familiar topic. It was also very short and to the point.,3,3,5,4,2,4,Yes,It was very focused on painting Ukraine in a negative light and Russia as a diplomat. I feel there's details missing and an obvious bias.,1.182,140.358,141.175,12,Yes,Yes,No,Yes,Yes,Yes,No,No,1.183,140.358,141.175,12,No improvements.,No,I thought it was just good for summarizing the article and situation.,Detractor,0,,
2025-07-13 19:04:21,2025-07-13 19:46:52,IP Address,5.69.95.149,100,2551,True,2025-07-13 19:46:52,R_8RjQJ1wIRpLpRmT,,,,,52.1633,-0.4087,anonymous,EN,I agree and I want to participate,"613dd5fb512aabe8d5d32393 ",Desktop,Other,English,25 to 44,Female,High school diploma or equivalent,United Kingdom,"Service & Sales Workers – customer-facing roles (e.g. retail salesperson, waiter/waitress, hairdresser)","Yes, I will",2,3,5,5,2,2,4,Multiple times a day,9,"online news websites,social media platforms (e.g. Facebook, Twitter, Telegram)",,,,,,,,,,,,,,,,,,,,,,,,,,,,,,,,,,,,,,,,,,0.716,634.98,635.771,296,10.708,1193.855,1195.407,118,7,3,4,5,4,5,2,7,3,7,7,6,0.835,128.54,129.415,124,5,3,4,3,5,5,"They felt more deliberate because I wasn't aware of this beforehand so Ive only got the article to go by so therfore my thoughts felt deliberate from the article ",3,5,4,5,5,6,Yes,"Because its only one sided, it claims it's Ukraine who isn't interested in peace ",0.493,147.177,147.973,78,Yes,No,No,Yes,Yes,Yes,Yes,No,0.493,147.177,147.973,78,"It was fine for me ",Yes,The articles itself,Promoter,9,,
2025-07-13 19:38:19,2025-07-13 21:15:36,IP Address,148.252.158.230,100,5836,True,2025-07-13 21:15:36,R_2P5Yzy2uS3xlqsV,,,,,51.4964,-0.1224,anonymous,EN,I agree and I want to participate,66f2e478619ff9c3df3385ad,Desktop,Other,English,25 to 44,Female,Bachelor's degree,United Kingdom,"Managers – people who plan and direct the work of others (e.g. department head, project manager, store manager)","Yes, I will",6,6,2,2,5,5,5,Several times a week,11,"traditional media (e.g. newspapers, TV news channels),online news websites,social media platforms (e.g. Facebook, Twitter, Telegram)",,,,,,,,,,,,,,,,,,,,,,316.685,697.476,711.334,9,820.46,1002.177,1003.888,4,7,7,3,2,2,6,7,5,5,7,6,7,,,,,,,,,,,,,,,,,,,,,122.488,165.178,357.393,2,6,3,5,3,5,3,"I felt my understanding and reaction more natural as I read the article. For example when polyansky's claimed that Kyiv is not interested in resolving the conflict my brain  automatically treated that as a forceful, urgent statement.",3,4,3,6,2,5,Yes,I think it is propagandistic because it mainly provided  an unreliable view of the conflict and Ukraine's actions by spreading the official narrative of the Russian government.,172.906,715.252,716.24,24,Yes,No,Yes,Yes,Yes,Yes,Yes,Yes,173.01,715.251,716.239,24,None at the moment,Yes,The accuracy and how it thinks about the situation from different points of view.,Promoter,10,"It was a fun conversation. ",
2025-07-13 21:55:36,2025-07-13 21:57:46,IP Address,98.97.112.247,100,129,True,2025-07-13 21:57:46,R_3zzHOPmYGw0E7IU,,,,,33.4532,-112.0748,anonymous,EN,I agree and I want to participate,672e89878bf0a5db7087c513,Desktop,Politics,English,,,,,,,,,,,,,,,,,,,,,,,,,,,,,,,,,,,,,,,,,,,,,,,,,,,,,,,,,,,,,,,,,,,,,,,,,,,,,,,,,,,,,,,,,,,,,,,,,,,,,,,,,,,,,,,,,,,,,,,
2025-07-13 22:09:30,2025-07-13 22:14:00,IP Address,194.152.132.107,100,270,True,2025-07-13 22:14:01,R_8PcC7lnVqPv9GmF,,,,,51.4964,-0.1224,anonymous,EN,I agree and I want to participate,672628f1dd186b536530f278,Desktop,Communication and/or Media,English,,,,,,,,,,,,,,,,,,,,,,,,,,,,,,,,,,,,,,,,,,,,,,,,,,,,,,,,,,,,,,,,,,,,,,,,,,,,,,,,,,,,,,,,,,,,,,,,,,,,,,,,,,,,,,,,,,,,,,,
2025-07-13 22:14:31,2025-07-13 22:15:04,IP Address,194.152.132.107,100,32,True,2025-07-13 22:15:04,R_2saxsRSiVTUwWdc,,,,,51.4964,-0.1224,anonymous,EN,I agree and I want to participate,672628f1dd186b536530f278,Desktop,Politics,English,,,,,,,,,,,,,,,,,,,,,,,,,,,,,,,,,,,,,,,,,,,,,,,,,,,,,,,,,,,,,,,,,,,,,,,,,,,,,,,,,,,,,,,,,,,,,,,,,,,,,,,,,,,,,,,,,,,,,,,
2025-07-13 22:18:30,2025-07-13 22:22:48,IP Address,213.137.81.202,100,257,True,2025-07-13 22:22:48,R_87sxvSsLvZ72aNB,,,,,51.5081,-0.1278,anonymous,EN,I agree and I want to participate,672f51ea346fba23ddd5a793,Desktop,Communication and/or Media,English,,,,,,,,,,,,,,,,,,,,,,,,,,,,,,,,,,,,,,,,,,,,,,,,,,,,,,,,,,,,,,,,,,,,,,,,,,,,,,,,,,,,,,,,,,,,,,,,,,,,,,,,,,,,,,,,,,,,,,,
2025-07-13 22:52:40,2025-07-13 23:29:58,IP Address,194.152.132.107,100,2238,True,2025-07-13 23:29:58,R_8EBdtMwq13xqR4L,,,,,51.4964,-0.1224,anonymous,EN,I agree and I want to participate,672628f1dd186b536530f278,Desktop,Other,English,25 to 44,Male,Master's degree,United Kingdom,"Managers – people who plan and direct the work of others (e.g. department head, project manager, store manager)","Yes, I will",4,5,1,1,6,6,4,Once a week,9,"traditional media (e.g. newspapers, TV news channels),online news websites,social media platforms (e.g. Facebook, Twitter, Telegram)",,1.464,3.021,3.957,3,0,0,194.193,0,7,1,2,5,2,5,1,6,5,7,5,7,,,,,,,,,,,,,,,,,,,,,,,,,,,,,,,,,,,,,,,,,11.185,446.39,447.271,27,7,1,5,1,5,2,"I felt spontaneous while reading the article has i am continuously consuming more fact ",1,6,4,7,5,6,Yes,"Because there was been biased in the article ",3.067,204.122,205.054,24,No,Yes,Yes,Yes,Yes,Yes,No,No,3.068,204.122,205.054,24,"The first article is too tiny and not well bold for reading. ",Yes,"The way facts are been stated ",Promoter,9,"It is interesting having an interaction with ",
2025-07-13 22:33:37,2025-07-13 23:54:45,IP Address,213.137.81.202,100,4868,True,2025-07-13 23:54:45,R_2mWY0HzUx6CvGJN,,,,,51.5081,-0.1278,anonymous,EN,I agree and I want to participate,672f51ea346fba23ddd5a793,Desktop,Other,English,25 to 44,Male,Master's degree,United Kingdom,"Professionals – highly-skilled, degree-level work (e.g. doctor, lawyer, engineer, teacher, accountant)","Yes, I will",5,7,7,2,7,6,2,Multiple times a day,11,"traditional media (e.g. newspapers, TV news channels),online news websites,social media platforms (e.g. Facebook, Twitter, Telegram),news apps",,,,,,,,,,,,,,,,,,,,,,,,,,,,,,,,,,,,,,,,,,2.22,817.06,824.122,57,1658.28,3111.488,3136.322,5,6,6,4,7,7,7,2,5,4,7,6,7,6.778,41.555,43.802,3,6,3,6,6,7,1,Reading the article made me feel alarmed because it showed how Europe's migration policies ignore human rights and treat refugees unfairly.,2,7,2,5,6,7,No,It presents factual events,5.678,129.827,154.409,25,No,No,No,No,No,No,Yes,No,5.678,129.827,154.409,25,nice study,Yes,"yes ",Promoter,10,nice initiative,
2025-07-16 09:32:37,2025-07-16 09:33:44,IP Address,107.122.93.61,100,67,True,2025-07-16 09:33:45,R_1dpmwHa9zwkUU3Q,,,,,44.9834,-93.2622,anonymous,EN,I agree and I want to participate,65e7457d155f3a17e6a570a0,Desktop,Communication and/or Media,English,,,,,,,,,,,,,,,,,,,,,,,,,,,,,,,,,,,,,,,,,,,,,,,,,,,,,,,,,,,,,,,,,,,,,,,,,,,,,,,,,,,,,,,,,,,,,,,,,,,,,,,,,,,,,,,,,,,,,,,
2025-07-16 08:33:20,2025-07-16 09:33:54,IP Address,216.120.189.51,100,3633,True,2025-07-16 09:33:54,R_2CflcKKkK0djDmo,,,,,51.5081,-0.1278,anonymous,EN,I agree and I want to participate,678969200a76abe09fd2a75c,Desktop,Other,English,25 to 44,Male,Master's degree,United Kingdom,"Clerical Support Workers – office and admin tasks (e.g. receptionist, data entry clerk, office assistant)","Yes, I will",6,5,2,4,6,6,2,Several times a week,9,"traditional media (e.g. newspapers, TV news channels),social media platforms (e.g. Facebook, Twitter, Telegram)",,,,,,,,,,,,,,,,,,,,,,,,,,,,,,,,,,,,,,,,,,0,0,1031.62,0,0,0,313.319,0,6,6,5,6,2,2,6,5,6,5,4,5,0,0,218.85,0,1,7,2,2,2,6,"with the war going on and looking at the lives and properties at stake, the only thing the leader of Ukraine is thinking of is himself remaining in power to God knows when. so i am so deliberate to know know about the happenings around him the country of Ukraine and what the international community are doing towards that.",2,4,5,5,4,5,Yes,"i think there is something going on in Ukraine that is not clearly presented to the world to know and maybe there is a move to bring in another interest of others somewhere, so the leader need to be boot out.",23.698,279.648,282.54,10,Yes,No,Yes,Yes,Yes,Yes,Yes,No,23.698,279.648,282.54,10,"none ",Yes,"the summery is great and well captured ",Promoter,9,none,
2025-07-16 09:33:51,2025-07-16 09:34:09,IP Address,107.122.93.61,100,18,True,2025-07-16 09:34:09,R_6j8uNp7xwnfZM5h,,,,,44.9834,-93.2622,anonymous,EN,I agree and I want to participate,65e7457d155f3a17e6a570a0,Mobile,Politics,English,,,,,,,,,,,,,,,,,,,,,,,,,,,,,,,,,,,,,,,,,,,,,,,,,,,,,,,,,,,,,,,,,,,,,,,,,,,,,,,,,,,,,,,,,,,,,,,,,,,,,,,,,,,,,,,,,,,,,,,
2025-07-16 09:34:14,2025-07-16 09:54:58,IP Address,107.122.93.61,100,1243,True,2025-07-16 09:54:59,R_1UWoeYxaUc7eFOk,,,,,44.9834,-93.2622,anonymous,EN,I agree and I want to participate,65e7457d155f3a17e6a570a0,Desktop,Other,English,25 to 44,Male,High school diploma or equivalent,United States,"Craft & Related Trades Workers – hands-on skilled trades (e.g. carpenter, plumber, electrician)","Yes, I will",3,5,2,3,5,5,5,Never,8,"social media platforms (e.g. Facebook, Twitter, Telegram)",,3.917,221.085,237.317,7,408.368,408.368,409.495,1,6,7,6,2,2,2,1,4,5,4,4,5,,,,,,,,,,,,,,,,,,,,,,,,,,,,,,,,,,,,,,,,,30.981,30.981,36.367,1,6,6,2,3,3,6,"I just read the article thoroughly and formed my own conclusions. ",1,5,6,5,3,7,Yes,There is propaganda everywhere. Everyone has their own agenda,1.93,120.155,120.068,29,Yes,No,No,Yes,Yes,Yes,Yes,No,1.93,120.155,120.068,29,"Just that it works. It only said one thing to me and when I responded it got stuck on processing my reply. ",No,N/a,Detractor,0,The tool didn’t work well,
2025-07-16 09:54:32,2025-07-16 09:55:34,IP Address,145.224.66.36,100,62,True,2025-07-16 09:55:35,R_8qOk4fMeBzqzEv4,,,,,51.5081,-0.1278,anonymous,EN,I agree and I want to participate,67d443ba0bb671a8f2a938a7,Desktop,Politics,English,,,,,,,,,,,,,,,,,,,,,,,,,,,,,,,,,,,,,,,,,,,,,,,,,,,,,,,,,,,,,,,,,,,,,,,,,,,,,,,,,,,,,,,,,,,,,,,,,,,,,,,,,,,,,,,,,,,,,,,
2025-07-16 09:55:49,2025-07-16 09:56:12,IP Address,145.224.66.36,100,22,True,2025-07-16 09:56:13,R_2DwtNDMEPOGjcXg,,,,,51.5081,-0.1278,anonymous,EN,I agree and I want to participate,67d443ba0bb671a8f2a938a7,Desktop,Communication and/or Media,English,,,,,,,,,,,,,,,,,,,,,,,,,,,,,,,,,,,,,,,,,,,,,,,,,,,,,,,,,,,,,,,,,,,,,,,,,,,,,,,,,,,,,,,,,,,,,,,,,,,,,,,,,,,,,,,,,,,,,,,
2025-07-16 10:00:22,2025-07-16 10:01:04,IP Address,89.64.67.42,100,41,True,2025-07-16 10:01:05,R_2bT2CIUoWmo4EZ0,,,,,52.2299,21.0093,anonymous,EN,I agree and I want to participate,60bf28df4926a8b6391df575,Desktop,Communication and/or Media,English,,,,,,,,,,,,,,,,,,,,,,,,,,,,,,,,,,,,,,,,,,,,,,,,,,,,,,,,,,,,,,,,,,,,,,,,,,,,,,,,,,,,,,,,,,,,,,,,,,,,,,,,,,,,,,,,,,,,,,,
2025-07-16 10:04:27,2025-07-16 10:09:23,IP Address,216.120.189.231,100,295,True,2025-07-16 10:09:24,R_236panY6iXyypoJ,,,,,51.5081,-0.1278,anonymous,EN,I agree and I want to participate,674b35aef9b2ae3dcdd26213,Desktop,Communication and/or Media,English,,,,,,,,,,,,,,,,,,,,,,,,,,,,,,,,,,,,,,,,,,,,,,,,,,,,,,,,,,,,,,,,,,,,,,,,,,,,,,,,,,,,,,,,,,,,,,,,,,,,,,,,,,,,,,,,,,,,,,,
2025-07-16 10:01:12,2025-07-16 10:41:28,IP Address,89.64.67.42,100,2415,True,2025-07-16 10:41:29,R_8I5JhQlMMwzueBN,,,,,52.2299,21.0093,anonymous,EN,I agree and I want to participate,60bf28df4926a8b6391df575,Desktop,Other,English,18 to 24,Male,Bachelor's degree,Poland,"Managers – people who plan and direct the work of others (e.g. department head, project manager, store manager)","Yes, I will",5,6,2,3,6,6,3,Several times a week,8,online news websites,,0,0,235.143,0,0,0,1658.913,0,6,7,3,4,6,3,3,4,3,6,5,5,,,,,,,,,,,,,,,,,,,,,,,,,,,,,,,,,,,,,,,,,0,0,38.838,0,5,4,2,3,2,6,"When I read the article, my thoughts were more deliberate because I was trying to understand the situation and the reasons behind what the Russian diplomat said. It wasn’t just a quick emotional reaction, but more thinking about what it means and why they said it.",4,5,4,5,3,5,Yes,"It mainly presents the Russian diplomat’s point of view without much balance or evidence, and it paints Ukraine and Zelensky in a very negative light.",2.567,95.463,95.874,17,Yes,No,Yes,Yes,Yes,No,No,No,2.567,95.463,95.874,17,na,Yes,The most helpful part was the clear explanations,Detractor,6,,
2025-07-16 10:09:45,2025-07-16 11:27:00,IP Address,216.120.189.231,100,4634,True,2025-07-16 11:27:00,R_8ZE7zFx58yifDoG,,,,,51.5081,-0.1278,anonymous,EN,I agree and I want to participate,674b35aef9b2ae3dcdd26213,Desktop,Other,English,25 to 44,Male,Bachelor's degree,United Kingdom,"Technicians & Associate Professionals – support roles requiring specialized training (e.g. lab technician, paralegal, IT support)","Yes, I will",1,7,1,1,5,6,4,Once a day,8,online news websites,,,,,,,,,,,,,,,,,,,,,,68.892,109.964,211.531,11,0,0,2073.652,0,6,3,6,1,4,6,3,6,2,7,5,7,,,,,,,,,,,,,,,,,,,,,0,0,471.145,0,6,1,1,5,7,6,"I have come across this article online and find it very interesting. seeing it here has convinced me greatly that it could be true that the Ukraine President is not seeking for peace but rather the continuation of the ongoing war between them and the Russians ",7,7,1,6,7,6,No,Because i find the details of the information to be true,2.547,61.515,80.824,11,No,No,No,No,No,No,No,No,2.547,61.515,80.824,11,The AI tool is slow and needs improvement,No,"It can summaries article, but is slow at interpreting the information",Detractor,3,,
2025-07-16 11:29:05,2025-07-16 11:43:20,IP Address,86.16.151.214,100,855,True,2025-07-16 11:43:21,R_80nG733k3H45mA9,,,,,53.8017,-1.7848,anonymous,EN,I agree and I want to participate,6718b63a1e293387ef30d259,Desktop,Other,English,45 to 64,Male,Bachelor's degree,United Kingdom,"Managers – people who plan and direct the work of others (e.g. department head, project manager, store manager)","Yes, I will",5,4,4,4,4,5,3,Multiple times a day,9,online news websites,,0,0,115.403,0,0,0,101.41,0,5,3,4,4,3,3,4,4,6,6,5,5,,,,,,,,,,,,,,,,,,,,,,,,,,,,,,,,,,,,,,,,,190.772,190.772,192.546,1,2,4,5,4,3,5,"Felt like the article wasnt just presenting facts but more steering me in a certain direction. ",2,5,4,3,4,3,Yes,It steered me in a certain direction and all these news articles tend to have some affiliation with a coutnry,1.489,43.919,45.958,20,No,Yes,No,Yes,No,No,Yes,No,1.489,43.919,45.958,20,Maybe have ways i can adapt things to make it work for me,Yes,It summed things up well and took bias away,Passive,8,,
2025-07-16 11:08:43,2025-07-16 11:43:43,IP Address,86.4.61.80,100,2100,True,2025-07-16 11:43:44,R_2NqQWeRhYT5wkyH,,,,,54.8293,-1.7058,anonymous,EN,I agree and I want to participate,676688afcec3cd778dfbb863,Desktop,Other,English,25 to 44,Male,Bachelor's degree,United Kingdom,"Technicians & Associate Professionals – support roles requiring specialized training (e.g. lab technician, paralegal, IT support)","Yes, I will",4,5,2,6,6,4,3,Once a week,9,"social media platforms (e.g. Facebook, Twitter, Telegram)",,,,,,,,,,,,,,,,,,,,,,,,,,,,,,,,,,,,,,,,,,262.1,316.211,709.133,4,0,0,438.448,0,4,4,4,3,2,4,3,4,5,4,4,4,0,0,17.505,0,5,5,3,4,5,3,postive,4,4,5,4,5,5,,,31.49,39.94,41.952,8,No,No,No,Yes,No,Yes,No,No,31.49,39.941,41.952,8,the recoarding thing isn't working well,Yes,well everything was helpful,Passive,8,,
2025-07-16 12:08:34,2025-07-16 13:02:18,IP Address,41.113.201.124,100,3223,True,2025-07-16 13:02:18,R_8XgM0VIEyjzRuqB,,,,,-26.1917,28.0523,anonymous,EN,I agree and I want to participate,601129f77e0c21000b0c408a,Desktop,Other,English,25 to 44,Male,Bachelor's degree,South Africa,"Professionals – highly-skilled, degree-level work (e.g. doctor, lawyer, engineer, teacher, accountant)","Yes, I will",5,4,4,2,5,4,3,Several times a week,9,"traditional media (e.g. newspapers, TV news channels),online news websites,social media platforms (e.g. Facebook, Twitter, Telegram)",,,,,,,,,,,,,,,,,,,,,,,,,,,,,,,,,,,,,,,,,,707.118,707.118,807.113,1,0,0,1089.61,0,4,5,7,4,2,5,2,4,5,6,4,6,0,0,205.595,0,2,4,2,1,3,2,My thoughts felt more spontaneous because I was taking in the information without any biases. I was mainly interested in understanding the content of the article than validating a preconceived notion.,6,4,6,4,3,7,Yes,I think the article was propagandistic because it was very one sided.,3.147,153.942,154.946,12,Yes,No,Yes,Yes,Yes,Yes,Yes,No,3.147,153.839,154.945,12,N/A,No,What was most helpful was the tool's ability to follow up on statements that I made.,Passive,7,No,
2025-07-16 11:45:10,2025-07-16 13:16:46,IP Address,216.120.189.188,100,5495,True,2025-07-16 13:16:46,R_2BEOxMhLxLCns6B,,,,,51.5081,-0.1278,anonymous,EN,I agree and I want to participate,676d220cd6e7101ccba18ba5,Desktop,Other,English,25 to 44,Male,Bachelor's degree,United Kingdom,"Managers – people who plan and direct the work of others (e.g. department head, project manager, store manager)","Yes, I will",4,4,2,2,6,5,4,Once a week,9,"social media platforms (e.g. Facebook, Twitter, Telegram)",,,,,,,,,,,,,,,,,,,,,,85.86,237.508,807.397,7,0,0,2927.976,0,5,6,4,3,4,5,3,5,4,5,4,6,,,,,,,,,,,,,,,,,,,,,0,0,163.669,0,5,5,3,2,5,4,it was an easy to read article all the information provided were clear and straight forward,4,4,3,5,4,6,,,35.973,69.231,71.037,8,No,Yes,Yes,Yes,Yes,Yes,Yes,No,35.972,69.23,71.036,8,none,Yes,got more detailed information about the topic,Passive,7,none,
2025-07-16 13:05:20,2025-07-16 13:23:40,IP Address,92.233.6.66,100,1099,True,2025-07-16 13:23:40,R_8sgHQvoJcukHS5H,,,,,53.5464,-1.4307,anonymous,EN,I agree and I want to participate,6036b9e48b527c4fd8be19a8,Desktop,Other,English,18 to 24,Male,"Some college/university, no degree",United Kingdom,"Elementary Occupations – routine manual or simple tasks (e.g. cleaner, porter, shelf stacker)","Yes, I will",3,3,5,4,4,3,4,Once a week,8,"online news websites,social media platforms (e.g. Facebook, Twitter, Telegram)",,0,0,206.646,0,0,0,374.633,0,3,2,2,5,4,3,1,2,6,3,1,4,,,,,,,,,,,,,,,,,,,,,,,,,,,,,,,,,,,,,,,,,0,0,83.034,0,3,4,3,3,3,6,I read the article and gathered my thoughts soley based on the facts presented. I have little interest in this topic or politics in general so I dont really care to think very much about it.,2,4,5,4,4,6,,,17.595,57.847,58.626,8,Yes,Yes,Yes,Yes,Yes,Yes,Yes,No,17.595,57.847,58.626,8,,No,,Detractor,0,,
2025-07-16 13:17:39,2025-07-16 13:53:56,IP Address,193.29.106.22,100,2177,True,2025-07-16 13:53:57,R_8vZzlw1ltN8Jj5a,,,,,52.5196,13.4069,anonymous,EN,I agree and I want to participate,6516d39e9eea4ed892cbb5b7,Desktop,Other,English,25 to 44,Non-binary,Master's degree,Germany,"Technicians & Associate Professionals – support roles requiring specialized training (e.g. lab technician, paralegal, IT support)","Yes, I will",6,7,2,4,7,7,2,Once a day,10,"online news websites,social media platforms (e.g. Facebook, Twitter, Telegram),news apps",,,,,,,,,,,,,,,,,,,,,,0,0,220.975,0,0,0,336.633,0,6,4,4,3,4,3,6,2,7,3,1,6,,,,,,,,,,,,,,,,,,,,,0,0,84.4,0,5,4,4,4,3,4,"I'm not sure how spontaneous / deliberate it was, but there were a lot of formulations / spin techniques I recognized while reading. It felt quite a bit like propaganda, and it was weird that they misspelled the Ukranian president's name. I've seen similar statements / claims from Russian officials in the past in news stories, and I don't find their statements that they just want peace & that Ukraine is precluding that to be believable based on Russia's actions. The claim that Zelenskyy is just trying to hold onto power is a bit absurd, because there's no feasible way for there to be an election, as Russia's invasion, bombings, etc. have made whole areas uninhabitable & driven millions out of the country, forcing them to seek asylum elsewhere",6,1,7,2,1,3,Yes,"I already said in the previous section, but the framing of the issue from the Russian perspective, not citing or quoting any alternative viewpoint. There's only mention of Russia's 'vision of peace', and claims that Zelenskyy is a 'dictator', when Putin is actually a dictator. The typos also make it seem unserious. The headline alone already reveals the biased perspective. RT is also full of propaganda",1.068,314.147,341.553,19,No,Yes,Yes,Yes,Yes,Yes,Yes,No,1.067,314.146,341.552,19,"the bot thing repeated itself a lot and didn't really provide any information / context, or challenge any of the ideas presented. I'm not sure if that was a bug or intentional. It would be better if it asked more questions that encouraged critical thinking / critical assessment of the articles. The first transcription also didn't work, and there was no option I saw to see what was transcribed before the bot tried responding, or re-record if one made a mistake.",No,"it didn't provide any information on propaganda techniques. it just presented the main arguments of the article repeatedly and asked me what I thought, so I didn't find it helpful.",Detractor,0,"I think I included them all on the last page, but seeing what is transcribed before the bot tries to answer would be useful and/or allowing re-recording / deletion / etc of recordings or transcripts would be good (the first transcript part for me just recorded 'you' for some reason, though that's not what I said. It felt like the bot wasn't working properly in general",
2025-07-16 15:04:18,2025-07-16 15:05:51,IP Address,216.120.189.110,100,93,True,2025-07-16 15:05:51,R_2DOhhAvYUq570Yu,,,,,51.5081,-0.1278,anonymous,EN,I agree and I want to participate,67791ab8b253240f92a529e9,Desktop,Communication and/or Media,English,,,,,,,,,,,,,,,,,,,,,,,,,,,,,,,,,,,,,,,,,,,,,,,,,,,,,,,,,,,,,,,,,,,,,,,,,,,,,,,,,,,,,,,,,,,,,,,,,,,,,,,,,,,,,,,,,,,,,,,
2025-07-16 15:07:00,2025-07-16 15:15:10,IP Address,105.245.99.91,100,490,True,2025-07-16 15:15:11,R_2Q6sf064w7nN9G5,,,,,-25.757,28.1443,anonymous,EN,I agree and I want to participate,6659dda471d3f20143d34d67,Desktop,Communication and/or Media,English,,,,,,,,,,,,,,,,,,,,,,,,,,,,,,,,,,,,,,,,,,,,,,,,,,,,,,,,,,,,,,,,,,,,,,,,,,,,,,,,,,,,,,,,,,,,,,,,,,,,,,,,,,,,,,,,,,,,,,,
2025-07-16 15:15:18,2025-07-16 15:41:19,IP Address,105.245.99.91,100,1560,True,2025-07-16 15:41:19,R_8w6iAvaGHpDI6Z3,,,,,-25.757,28.1443,anonymous,EN,I agree and I want to participate,6659dda471d3f20143d34d67,Desktop,Other,English,18 to 24,Male,High school diploma or equivalent,,"Technicians & Associate Professionals – support roles requiring specialized training (e.g. lab technician, paralegal, IT support)","Yes, I will",7,7,1,1,7,1,6,Once a week,10,"traditional media (e.g. newspapers, TV news channels),online news websites,social media platforms (e.g. Facebook, Twitter, Telegram)",,,,,,,,,,,,,,,,,,,,,,,,,,,,,,,,,,,,,,,,,,4.626,157.685,160.065,18,71.454,903.013,904.151,7,6,5,5,1,1,7,7,7,3,6,6,6,32.819,32.819,34.471,1,1,5,1,1,7,5,"I felt skeptical while reading the article because some of the arguments seemed one-sided and lacked clear evidence. For example, the article made strong claims about a political figure without citing credible sources or presenting counterarguments. This made me question the objectivity and reliability of the content.

",6,6,6,5,6,6,No,Because they're mentioning the side of the UK,7.433,69.385,70.39,21,No,Yes,Yes,Yes,No,Yes,Yes,Yes,7.433,69.385,70.39,21,,Yes,,Promoter,10,,
2025-07-17 18:26:19,2025-07-17 19:09:17,IP Address,31.94.64.166,100,2578,True,2025-07-17 19:09:18,R_2oGz80UtiYCNAKD,,,,,51.5538,-0.3102,anonymous,EN,I agree and I want to participate,6714f1865fa16b2f979f1d94,Desktop,Other,English,25 to 44,Female,Master's degree,United Kingdom,"Professionals – highly-skilled, degree-level work (e.g. doctor, lawyer, engineer, teacher, accountant)","Yes, I will",6,7,1,3,6,6,5,Several times a week,9,online news websites,,22.056,22.056,566.345,1,574.142,574.142,639.035,1,5,4,5,4,5,6,1,5,6,7,7,6,,,,,,,,,,,,,,,,,,,,,,,,,,,,,,,,,,,,,,,,,42.187,42.187,151.663,1,6,6,4,2,5,4,"Before now, the Ukraine and Russia conflict is a known news to everyone. So I have prior knowledge of the crisis. ",6,5,3,7,5,5,Yes,It propels and promotes various views,10.502,106.665,108.792,10,Yes,No,Yes,Yes,Yes,No,Yes,No,10.502,106.665,108.792,10,NONE,Yes,Level of Interaction,Promoter,9,NONE,
2025-07-17 19:11:10,2025-07-17 19:37:39,IP Address,80.189.242.227,100,1588,True,2025-07-17 19:37:40,R_2a5lSvtNmuO42KB,,,,,51.0668,-1.3397,anonymous,EN,I agree and I want to participate,5f48068ea08b2128ce23a268,Desktop,Other,English,18 to 24,Male,"Some college/university, no degree",United Kingdom,"Service & Sales Workers – customer-facing roles (e.g. retail salesperson, waiter/waitress, hairdresser)","Yes, I will",5,5,1,2,6,6,2,Several times a week,7,"online news websites,social media platforms (e.g. Facebook, Twitter, Telegram)",,,,,,,,,,,,,,,,,,,,,,0,0,457.649,0,491.142,491.142,491.302,1,6,2,6,6,6,2,6,2,7,2,2,6,,,,,,,,,,,,,,,,,,,,,0,0,142.747,0,7,2,6,6,6,6,"I was comfortably and deliberately reading everything out, utilising my prior knowledge of this event.",6,2,7,3,1,6,Yes,"It is clearly told from a biased Russian perspective. Putin has gone uncontested as a dictatorial authoritarian leader for years. He also started this war in Ukraine, Zelensky did not start the war to embezzle funds or western aid. He also would not be stepping down as he has effectively lead against Russia in the war. This is simply Russian deflection.",1.004,166.868,168.334,28,Yes,No,Yes,Yes,Yes,Yes,Yes,No,1.004,166.869,168.334,28,,Yes,It provoked me to think more.,Detractor,2,,
2025-07-17 19:47:42,2025-07-17 21:26:56,IP Address,82.19.125.41,100,5954,True,2025-07-17 21:26:57,R_20d0tvk2o6IvCAV,,,,,50.9363,-1.4329,anonymous,EN,I agree and I want to participate,5cf0ccf488abf10019fb775d,Desktop,Other,English,18 to 24,Female,High school diploma or equivalent,United Kingdom,"Service & Sales Workers – customer-facing roles (e.g. retail salesperson, waiter/waitress, hairdresser)","Yes, I will",4,5,4,3,5,3,2,Once a day,10,"traditional media (e.g. newspapers, TV news channels),online news websites,social media platforms (e.g. Facebook, Twitter, Telegram),news apps",,,,,,,,,,,,,,,,,,,,,,,,,,,,,,,,,,,,,,,,,,0,0,384.953,0,0,0,2164.027,0,5,3,7,4,3,2,3,5,5,6,5,2,0,0,36.899,0,2,5,5,5,2,2,"I think I was just taking in the article, pausing at each sentence and formed thoughts based on what I read. it didn't feel forced or unnatural. I think due to being a political person in general, thoughts like that come naturally to me",2,5,4,6,5,6,,,32.141,69.74,70.731,9,Yes,No,Yes,Yes,Yes,No,Yes,No,32.142,69.74,70.731,9,Maybe slightly more challenging I felt like it agreed with me a lot instead of challenging my ideas,No,I like how it elaborated on my points and asked me complex questions,Detractor,6,,
2025-07-17 21:30:59,2025-07-17 21:42:06,IP Address,80.3.218.240,100,667,True,2025-07-17 21:42:07,R_8I6isOHaKyFePxi,,,,,54.9313,-1.5855,anonymous,EN,I agree and I want to participate,676055469b245b53e81358d0,Desktop,Other,English,18 to 24,Male,Master's degree,United Kingdom,,"Yes, I will",5,5,3,4,5,5,3,Several times a week,10,"traditional media (e.g. newspapers, TV news channels),online news websites,social media platforms (e.g. Facebook, Twitter, Telegram),news apps",,,,,,,,,,,,,,,,,,,,,,53.668,73.775,74.673,4,113.236,194.607,200.801,2,5,3,3,3,3,2,5,6,4,5,5,5,,,,,,,,,,,,,,,,,,,,,48.2,48.2,57.923,1,3,2,3,2,1,5,i made up my mind early because trump and putin are known fascists and i hate them,5,6,3,5,6,6,No,it displayed info clearly and it is all true.,1.3,43.232,49.736,15,Yes,No,Yes,Yes,No,Yes,No,No,1.301,43.231,49.735,15,reduce the bias towards trump and russia,Yes,the ability to see which parts were propogranda,Passive,7,no,
2025-07-17 22:17:02,2025-07-17 23:20:27,IP Address,216.120.189.147,100,3804,True,2025-07-17 23:20:28,R_825WKgbnutJ2o0h,,,,,51.5081,-0.1278,anonymous,EN,I agree and I want to participate,67839886a09ff9fef57d6ba9,Desktop,Other,English,25 to 44,Male,Bachelor's degree,United Kingdom,"Technicians & Associate Professionals – support roles requiring specialized training (e.g. lab technician, paralegal, IT support)","Yes, I will",4,5,5,3,4,4,4,Several times a week,10,"traditional media (e.g. newspapers, TV news channels),online news websites,social media platforms (e.g. Facebook, Twitter, Telegram)",,23.025,653.715,659.957,11,197.218,1290.639,1291.3,12,6,5,7,6,2,4,1,5,4,6,6,5,,,,,,,,,,,,,,,,,,,,,,,,,,,,,,,,,,,,,,,,,67.852,147.094,175.235,2,7,7,2,1,1,6,"While reading the article, my thoughts felt deliberate because I felt Zelenskyy carefully planned his way, he has full knowledge of his action and even refusing to attend meeting to resolve the situation and at same time turning down help from Trump and others, he is surely delibrate and intentional about everything he is doing",6,7,2,7,6,7,No,"I do not think this news article is propagandistic, I have come across similar news with almost same content on legit news website and channels although I did not settle to give it a good reading and just skim through the website but it happened",17.448,397.028,397.608,24,No,No,No,No,Yes,No,Yes,No,17.448,397.028,397.61,24,"None so far, everything went well and I enjoyed it",Yes,The audio aspect and it simplicity,Passive,8,None for now,
2025-07-17 23:30:39,2025-07-17 23:33:08,IP Address,104.36.173.207,100,148,True,2025-07-17 23:33:08,R_3KVL3F40hSeKhgf,,,,,44.6643,-63.6002,anonymous,EN,I agree and I want to participate,649ed52c6deb05c245aa42db,Desktop,Politics,English,,,,,,,,,,,,,,,,,,,,,,,,,,,,,,,,,,,,,,,,,,,,,,,,,,,,,,,,,,,,,,,,,,,,,,,,,,,,,,,,,,,,,,,,,,,,,,,,,,,,,,,,,,,,,,,,,,,,,,,
2025-07-17 23:33:28,2025-07-17 23:34:04,IP Address,104.36.173.207,100,36,True,2025-07-17 23:34:04,R_3QzUH1L45btCVd7,,,,,44.6643,-63.6002,anonymous,EN,I agree and I want to participate,649ed52c6deb05c245aa42db,Desktop,Communication and/or Media,English,,,,,,,,,,,,,,,,,,,,,,,,,,,,,,,,,,,,,,,,,,,,,,,,,,,,,,,,,,,,,,,,,,,,,,,,,,,,,,,,,,,,,,,,,,,,,,,,,,,,,,,,,,,,,,,,,,,,,,,
2025-07-17 23:34:42,2025-07-18 00:10:35,IP Address,104.36.173.207,100,2152,True,2025-07-18 00:10:35,R_1b10xqNbNE6JsNB,,,,,44.6643,-63.6002,anonymous,EN,I agree and I want to participate,649ed52c6deb05c245aa42db,Desktop,Other,English,25 to 44,Male,Bachelor's degree,Canada,"Technicians & Associate Professionals – support roles requiring specialized training (e.g. lab technician, paralegal, IT support)","Yes, I will",6,6,2,2,7,6,6,Multiple times a day,8,"traditional media (e.g. newspapers, TV news channels),online news websites,social media platforms (e.g. Facebook, Twitter, Telegram),news apps",,,,,,,,,,,,,,,,,,,,,,,,,,,,,,,,,,,,,,,,,,135.205,135.205,321.221,1,0,0,1088.051,0,6,6,5,4,2,5,4,5,6,5,5,6,0,0,84.911,0,6,2,2,2,4,6,"I feel like as someone who has followed this conflict I have heard both sides perspectives, and reading this article simply confirmed what I had already thought in terms of the Russian perspective. This doesn't mean it is an endorsement but I have already read similar articles before.",7,5,7,4,3,6,Yes,I think this is propaganda because it is coming from a Russian diplomat and is clearly intended on discrediting the Ukrainian government.,1.198,102.367,103.475,10,Yes,No,Yes,Yes,Yes,Yes,Yes,No,1.198,102.367,103.475,10,"This was are really interesting experience, I would love to debate with AI more. My only complaint is that it is somewhat slow to respond.",Yes,I found that it was useful to see each individual line and or statement broken down in a way that was easy to read and make a determination about.,Promoter,9,This was an engaging and informative study.,
2025-07-18 00:36:40,2025-07-18 00:37:30,IP Address,12.250.236.230,100,50,True,2025-07-18 00:37:30,R_3ta5GccDSLQFMrL,,,,,34.0007,-81.0348,anonymous,EN,I agree and I want to participate,5eb693937a030e5923b44068,Desktop,Communication and/or Media,English,,,,,,,,,,,,,,,,,,,,,,,,,,,,,,,,,,,,,,,,,,,,,,,,,,,,,,,,,,,,,,,,,,,,,,,,,,,,,,,,,,,,,,,,,,,,,,,,,,,,,,,,,,,,,,,,,,,,,,,
2025-07-18 00:37:36,2025-07-18 00:38:03,IP Address,12.250.236.230,100,27,True,2025-07-18 00:38:04,R_7E6qwMUedW7JxE8,,,,,34.0007,-81.0348,anonymous,EN,I agree and I want to participate,5eb693937a030e5923b44068,Desktop,Politics,English,,,,,,,,,,,,,,,,,,,,,,,,,,,,,,,,,,,,,,,,,,,,,,,,,,,,,,,,,,,,,,,,,,,,,,,,,,,,,,,,,,,,,,,,,,,,,,,,,,,,,,,,,,,,,,,,,,,,,,,
2025-07-18 00:38:09,2025-07-18 00:43:42,IP Address,12.250.236.230,100,332,True,2025-07-18 00:43:42,R_51TqQDq0lqrk0qh,,,,,34.0007,-81.0348,anonymous,EN,I agree and I want to participate,5eb693937a030e5923b44068,Desktop,Other,English,25 to 44,Male,Bachelor's degree,United States,"Professionals – highly-skilled, degree-level work (e.g. doctor, lawyer, engineer, teacher, accountant)","Yes, I will",6,6,1,1,6,6,1,Multiple times a day,9,"traditional media (e.g. newspapers, TV news channels),online news websites,social media platforms (e.g. Facebook, Twitter, Telegram),news apps",,,,,,,,,,,,,,,,,,,,,,0,0,30.583,0,74.278,74.278,83.094,1,7,7,6,6,7,7,4,5,5,6,6,6,,,,,,,,,,,,,,,,,,,,,0,0,2.368,0,6,6,6,7,6,7,no additional comment,5,4,4,5,4,4,No,no additional comment,0.989,21.574,22.715,13,No,No,No,No,No,No,No,No,0.989,21.574,22.716,13,none,No,no additional comment,Passive,8,,
2025-07-18 00:50:17,2025-07-18 00:51:26,IP Address,66.31.207.101,100,69,True,2025-07-18 00:51:27,R_6vVfDcFoyt7gnmh,,,,,42.801,-71.3085,anonymous,EN,I agree and I want to participate,6672bf56d51710391ce2164d,Desktop,Communication and/or Media,English,,,,,,,,,,,,,,,,,,,,,,,,,,,,,,,,,,,,,,,,,,,,,,,,,,,,,,,,,,,,,,,,,,,,,,,,,,,,,,,,,,,,,,,,,,,,,,,,,,,,,,,,,,,,,,,,,,,,,,,
2025-07-18 00:51:47,2025-07-18 00:52:02,IP Address,66.31.207.101,100,14,True,2025-07-18 00:52:02,R_1N2LcuASZLaOoDH,,,,,42.801,-71.3085,anonymous,EN,I agree and I want to participate,6672bf56d51710391ce2164d,Desktop,Politics,English,,,,,,,,,,,,,,,,,,,,,,,,,,,,,,,,,,,,,,,,,,,,,,,,,,,,,,,,,,,,,,,,,,,,,,,,,,,,,,,,,,,,,,,,,,,,,,,,,,,,,,,,,,,,,,,,,,,,,,,
2025-07-18 00:52:08,2025-07-18 01:05:41,IP Address,66.31.207.101,100,813,True,2025-07-18 01:05:42,R_3PvPBsmt3KjiW4a,,,,,42.801,-71.3085,anonymous,EN,I agree and I want to participate,6672bf56d51710391ce2164d,Desktop,Other,English,45 to 64,Male,Bachelor's degree,United States,"Technicians & Associate Professionals – support roles requiring specialized training (e.g. lab technician, paralegal, IT support)","Yes, I will",7,7,1,1,7,7,7,Multiple times a day,1,"traditional media (e.g. newspapers, TV news channels),online news websites,social media platforms (e.g. Facebook, Twitter, Telegram)",,0,0,131.09,0,0,0,186.242,0,7,7,7,2,1,7,2,1,1,7,1,1,,,,,,,,,,,,,,,,,,,,,,,,,,,,,,,,,,,,,,,,,0,0,80.638,0,7,7,7,7,7,7,"Some things were correct, and some were new to me, but since I'm on top of the news, some seemed wrong. I would have to research if all statements in the article are true.",7,3,2,6,1,7,No,"Because it just stated facts, and didn't take a side.",1.253,38.795,40.392,10,No,No,No,No,No,Yes,No,No,1.253,38.795,40.392,10,"It's hard to say from 3 chats. I would need to speak about more topics to make a determination. In our chat, all it did was agree with me, and did not provide anything else.",No,"Nothing. It just agreed with me, and didn't add anything to the conversation.",Detractor,0,"I would be willing to test out this AI more, but three chats isn't enought to know, especially since it just agreed with what I said, and didn't add to the conversation.",
2025-07-18 01:10:53,2025-07-18 01:55:21,IP Address,216.120.189.139,100,2668,True,2025-07-18 01:55:22,R_8wnOarUQbgI7uVp,,,,,51.5081,-0.1278,anonymous,EN,I agree and I want to participate,6741e32867002c96f036317b,Desktop,Other,English,25 to 44,Female,Master's degree,United Kingdom,"Managers – people who plan and direct the work of others (e.g. department head, project manager, store manager)","Yes, I will",5,5,1,5,6,6,6,Several times a week,7,"traditional media (e.g. newspapers, TV news channels),online news websites,social media platforms (e.g. Facebook, Twitter, Telegram)",,,,,,,,,,,,,,,,,,,,,,,,,,,,,,,,,,,,,,,,,,30.569,74.505,650.463,4,62.184,62.184,973.83,1,7,6,3,4,3,4,4,6,4,4,5,7,0,0,200.136,0,7,6,4,4,6,4,these are trends and topic i don't regularly follow so i had no prior mindset reading it. i took everything as it came and updated my thoughts on the situation as i went about it.,1,3,3,5,4,6,,,41.19,75.718,77.425,8,Yes,Yes,Yes,No,Yes,No,No,No,41.189,75.717,77.424,8,nil,No,the way it was articulated,Detractor,4,nil,
2025-07-18 02:02:05,2025-07-18 02:32:10,IP Address,16.98.105.48,100,1805,True,2025-07-18 02:32:11,R_3i67jQqIE9sCckp,,,,,35.4149,-119.0399,anonymous,EN,I agree and I want to participate,5dc916d584b21f64f98d61dd,Desktop,Other,English,25 to 44,Male,"Some college/university, no degree",United States,"Technicians & Associate Professionals – support roles requiring specialized training (e.g. lab technician, paralegal, IT support)","Yes, I will",6,5,3,1,6,6,4,Multiple times a day,7,"traditional media (e.g. newspapers, TV news channels),online news websites,social media platforms (e.g. Facebook, Twitter, Telegram),news apps",,,,,,,,,,,,,,,,,,,,,,19.643,23.977,517.907,2,527.162,527.162,531.683,1,5,4,6,4,4,2,1,4,3,4,4,4,,,,,,,,,,,,,,,,,,,,,0,0,244.64,0,5,4,4,3,2,4,I was taking it all in one sentence at a time but my feelings toward the situation did not change.,3,4,2,7,6,5,,,31.956,63.965,65.016,10,No,No,No,Yes,Yes,Yes,No,No,31.957,63.965,65.016,10,It worked well as it is.,No,The way it analyzed my responses and came back with an informative response that made sense,Detractor,5,Not at this time,
2025-07-18 02:43:51,2025-07-18 03:13:04,IP Address,14.102.8.225,100,1753,True,2025-07-18 03:13:05,R_8s64BaZ2a2pGzF8,,,,,51.5081,-0.1278,anonymous,EN,I agree and I want to participate,6575c7da000442e5a54f5e24,Desktop,Other,English,25 to 44,Male,"Some college/university, no degree",United Kingdom,"Clerical Support Workers – office and admin tasks (e.g. receptionist, data entry clerk, office assistant)","Yes, I will",2,3,5,6,2,3,2,Several times a week,10,"traditional media (e.g. newspapers, TV news channels),online news websites,social media platforms (e.g. Facebook, Twitter, Telegram),news apps",,0,0,123.839,0,0,0,796.003,0,6,3,7,6,6,7,1,4,6,5,5,4,,,,,,,,,,,,,,,,,,,,,,,,,,,,,,,,,,,,,,,,,0,0,60.647,0,5,2,5,6,4,6,"I went in with a specific reasoning, that I did not believe the article, so as I was reading it as I was taking in the information it was providing and really thinking about the article. So my thoughts were a lot more deliberate, as the information I was taking in was trying to change my already made opinion. ",4,3,7,3,1,5,Yes,"The article is quite heavily supporting Russia, and talking bad about Zelensky. ",2.238,80.479,81.601,18,No,Yes,No,Yes,Yes,Yes,Yes,No,2.238,80.479,81.601,18,"Make it slightly more quicker at responding and picking up what was being said. ",Yes,I really enjoyed the tool it made me think about what the article was saying and take out unique parts that I wouldn't have noticed otherwise. It was really helpful in that sense.,Promoter,9,"Really enjoyed using it, and really helped me pick up on forms of propoganda. ",
2025-07-13 19:02:51,2025-07-13 19:04:43,IP Address,78.147.68.59,56,111,False,2025-07-20 19:04:49,R_2gUYALVWZR2NrRs,,,,,53.5477,-2.1259,anonymous,EN,I agree and I want to participate,66644f7feb0727f0260cb37e,Desktop,Other,English,25 to 44,Female,Bachelor's degree,United Kingdom,"Managers – people who plan and direct the work of others (e.g. department head, project manager, store manager)","Yes, I will",6,6,2,2,6,5,3,Once a day,9,online news websites,,,,,,,,,,,,,,,,,,,,,,,,,,,,,,,,,,,,,,,,,,,,,,,,,,,,,,,,,,,,,,,,,,,,,,,,,,,,,,,,,,,,,,,,,,,,,,,,,,,,,,,
2025-07-13 19:30:16,2025-07-13 19:35:20,IP Address,82.3.226.166,16,303,False,2025-07-20 19:35:29,R_811GbNevoDVeZV4,,,,,51.7951,-0.1867,anonymous,EN,I agree and I want to participate,62db2644ab0a3a353c0dcb54,Desktop,Other,English,25 to 44,Male,"Some college/university, no degree",United Kingdom,"Managers – people who plan and direct the work of others (e.g. department head, project manager, store manager)","Yes, I will",,,,,,,,,,,,,,,,,,,,,,,,,,,,,,,,,,,,,,,,,,,,,,,,,,,,,,,,,,,,,,,,,,,,,,,,,,,,,,,,,,,,,,,,,,,,,,,,,,,,,,,,,,,,,,,,,
2025-07-13 22:04:25,2025-07-13 22:07:29,IP Address,86.131.152.141,18,183,False,2025-07-20 22:07:37,R_2gwJMtNeikdyM3P,,,,,51.7558,-4.1127,anonymous,EN,I agree and I want to participate,6658b838fa019e8f175c7bf4,Desktop,Other,English,25 to 44,Male,Bachelor's degree,United Kingdom,"Technicians & Associate Professionals – support roles requiring specialized training (e.g. lab technician, paralegal, IT support)","Yes, I will",1,5,2,4,5,5,,,,,,,,,,,,,,,,,,,,,,,,,,,,,,,,,,,,,,,,,,,,,,,,,,,,,,,,,,,,,,,,,,,,,,,,,,,,,,,,,,,,,,,,,,,,,,,,,,,,,,,,,,,
2025-07-13 22:23:03,2025-07-13 22:33:18,IP Address,213.137.81.202,59,614,False,2025-07-20 22:33:19,R_2rVAGY8RF1uEvNl,,,,,51.5081,-0.1278,anonymous,EN,I agree and I want to participate,672f51ea346fba23ddd5a793,Desktop,Other,English,25 to 44,Male,Master's degree,United Kingdom,"Professionals – highly-skilled, degree-level work (e.g. doctor, lawyer, engineer, teacher, accountant)","Yes, I will",5,7,7,4,7,6,3,Multiple times a day,11,"traditional media (e.g. newspapers, TV news channels),online news websites,social media platforms (e.g. Facebook, Twitter, Telegram),news apps",,,,,,,,,,,,,,,,,,,,,,88.069,110.143,110.99,5,,,,,,,,,,,,,,,,,,,,,,,,,,,,,,,,,,,,,,,,,,,,,,,,,,,,,,,,,,,,,,,,,,,,,,,,,,,,,,
2025-07-13 22:15:34,2025-07-14 12:53:29,IP Address,194.152.132.107,59,52674,False,2025-07-21 12:53:31,R_8200kLPJkCgYRsa,,,,,51.4964,-0.1224,anonymous,EN,I agree and I want to participate,672628f1dd186b536530f278,Desktop,Other,English,25 to 44,Male,Master's degree,United Kingdom,"Managers – people who plan and direct the work of others (e.g. department head, project manager, store manager)","Yes, I will",5,6,1,1,6,5,4,Several times a week,9,"traditional media (e.g. newspapers, TV news channels),online news websites,social media platforms (e.g. Facebook, Twitter, Telegram)",,13.866,893.84,934.277,7,,,,,,,,,,,,,,,,,,,,,,,,,,,,,,,,,,,,,,,,,,,,,,,,,,,,,,,,,,,,,,,,,,,,,,,,,,,,,,,,,,,,,,,,,,,,,,,,,,
2025-07-13 17:20:57,2025-07-14 15:09:39,IP Address,89.206.81.144,1,78522,False,2025-07-21 15:09:45,R_8IaaBUxCn4M55Lh,,,,,47.4021,8.5752,anonymous,EN,,,,,,,,,,,,,,,,,,,,,,,,,,,,,,,,,,,,,,,,,,,,,,,,,,,,,,,,,,,,,,,,,,,,,,,,,,,,,,,,,,,,,,,,,,,,,,,,,,,,,,,,,,,,,,,,,,,,,,,,,,,,
2025-07-16 08:58:47,2025-07-16 09:02:46,IP Address,101.161.79.239,56,238,False,2025-07-23 09:02:47,R_4HCPhEUxh0Oz9Yt,,,,,-37.8846,145.1373,anonymous,EN,I agree and I want to participate,665a4f0c9916896b870094e4,Desktop,Other,English,18 to 24,Female,Bachelor's degree,Austria,"Clerical Support Workers – office and admin tasks (e.g. receptionist, data entry clerk, office assistant)","Yes, I will",2,2,6,6,3,4,3,Rarely,9,"traditional media (e.g. newspapers, TV news channels),online news websites,social media platforms (e.g. Facebook, Twitter, Telegram)",,,,,,,,,,,,,,,,,,,,,,,,,,,,,,,,,,,,,,,,,,,,,,,,,,,,,,,,,,,,,,,,,,,,,,,,,,,,,,,,,,,,,,,,,,,,,,,,,,,,,,,
2025-07-16 09:04:13,2025-07-16 09:15:10,IP Address,84.70.228.75,59,656,False,2025-07-23 09:15:10,R_8eT18dx8AFKYDtf,,,,,53.4798,-2.3307,anonymous,EN,I agree and I want to participate,5baa21188a01680001ff1a6f,Desktop,Other,English,45 to 64,Female,"Some college/university, no degree",United Kingdom,"Skilled Agricultural, Forestry & Fishery Workers – farmers, foresters, fishery workers","Yes, I will",6,6,2,2,4,5,2,Multiple times a day,8,"traditional media (e.g. newspapers, TV news channels),online news websites,social media platforms (e.g. Facebook, Twitter, Telegram)",,,,,,,,,,,,,,,,,,,,,,15.741,149.211,154.804,5,,,,,,,,,,,,,,,,,,,,,,,,,,,,,,,,,,,,,,,,,,,,,,,,,,,,,,,,,,,,,,,,,,,,,,,,,,,,,,
2025-07-16 09:15:19,2025-07-16 09:20:28,IP Address,84.70.228.75,59,308,False,2025-07-23 09:20:29,R_2HXr7TkHwDBh37T,,,,,53.4798,-2.3307,anonymous,EN,I agree and I want to participate,5baa21188a01680001ff1a6f,Desktop,Other,English,45 to 64,Female,"Some college/university, no degree",United Kingdom,"Skilled Agricultural, Forestry & Fishery Workers – farmers, foresters, fishery workers","Yes, I will",6,6,2,2,5,6,2,Multiple times a day,,"traditional media (e.g. newspapers, TV news channels),online news websites,social media platforms (e.g. Facebook, Twitter, Telegram)",,,,,,,,,,,,,,,,,,,,,,5.024,86.111,87.114,7,,,,,,,,,,,,,,,,,,,,,,,,,,,,,,,,,,,,,,,,,,,,,,,,,,,,,,,,,,,,,,,,,,,,,,,,,,,,,,
2025-07-16 09:35:34,2025-07-16 09:38:10,IP Address,216.120.189.51,56,156,False,2025-07-23 09:38:19,R_23qCQ2n3BOOQi3F,,,,,51.5081,-0.1278,anonymous,EN,I agree and I want to participate,678969200a76abe09fd2a75c,Desktop,Other,English,25 to 44,Male,Master's degree,United Kingdom,"Clerical Support Workers – office and admin tasks (e.g. receptionist, data entry clerk, office assistant)","Yes, I will",6,6,2,5,6,5,2,Several times a week,9,"traditional media (e.g. newspapers, TV news channels),social media platforms (e.g. Facebook, Twitter, Telegram)",,,,,,,,,,,,,,,,,,,,,,,,,,,,,,,,,,,,,,,,,,,,,,,,,,,,,,,,,,,,,,,,,,,,,,,,,,,,,,,,,,,,,,,,,,,,,,,,,,,,,,,
2025-07-16 09:56:22,2025-07-16 09:59:15,IP Address,145.224.66.36,18,173,False,2025-07-23 09:59:17,R_2Mu3wBb1kZUsUWP,,,,,51.5081,-0.1278,anonymous,EN,I agree and I want to participate,67d443ba0bb671a8f2a938a7,Desktop,Other,English,25 to 44,Female,Master's degree,United Kingdom,"Professionals – highly-skilled, degree-level work (e.g. doctor, lawyer, engineer, teacher, accountant)","Yes, I will",7,7,6,7,6,6,,,,,,,,,,,,,,,,,,,,,,,,,,,,,,,,,,,,,,,,,,,,,,,,,,,,,,,,,,,,,,,,,,,,,,,,,,,,,,,,,,,,,,,,,,,,,,,,,,,,,,,,,,,
2025-07-27 10:09:57,2025-07-27 10:10:52,IP Address,71.202.31.222,100,54,True,2025-07-27 10:10:52,R_1VFmagjcaMn6T85,,,,,37.9545,-121.9759,anonymous,EN,I agree and I want to participate,66a7e128f37f34ca658be38b,Desktop,Communication and/or Media,English,,,,,,,,,,,,,,,,,,,,,,,,,,,,,,,,,,,,,,,,,,,,,,,,,,,,,,,,,,,,,,,,,,,,,,,,,,,,,,,,,,,,,,,,,,,,,,,,,,,,,,,,,,,,,,,,,,,,,,,
2025-07-27 10:10:05,2025-07-27 10:11:49,IP Address,86.186.21.175,100,104,True,2025-07-27 10:11:49,R_2Rye3GCNQehcTxj,,,,,53.2339,-2.549,anonymous,EN,I agree and I want to participate,60c114f1542c86cb1e3e7c86,Desktop,Communication and/or Media,English,,,,,,,,,,,,,,,,,,,,,,,,,,,,,,,,,,,,,,,,,,,,,,,,,,,,,,,,,,,,,,,,,,,,,,,,,,,,,,,,,,,,,,,,,,,,,,,,,,,,,,,,,,,,,,,,,,,,,,,
2025-07-27 10:11:30,2025-07-27 10:57:23,IP Address,109.158.28.251,100,2753,True,2025-07-27 10:57:23,R_8oRxWgkwT5Ugnoh,,,,,51.6258,-0.7478,anonymous,EN,I agree and I want to participate,5e36be214de4516479b48f31,Desktop,Other,English,18 to 24,Male,Bachelor's degree,United Kingdom,"Professionals – highly-skilled, degree-level work (e.g. doctor, lawyer, engineer, teacher, accountant)","Yes, I will",5,6,3,2,5,5,3,Multiple times a day,8,"online news websites,social media platforms (e.g. Facebook, Twitter, Telegram)",,,,,,,,,,,,,,,,,,,,,,,,,,,,,,,,,,,,,,,,,,31.814,830.95,831.878,24,3.488,1131.478,1138.534,5,5,6,7,6,6,6,4,4,6,5,5,5,24.863,74.694,75.934,13,3,4,5,3,5,6,"i already know news articles are incredibly biased towards ukraine, i am bored of it. obviously russia are in the wrong but i am fed up of being told about it",6,4,6,6,5,5,Yes,"all news articles are inherently biased, and this  article was specifically at the bit calling zelinky a dictator... lol. also this is a RT article? why bother reading it unless you have your ushanka on",1.093,153.005,153.611,22,Yes,No,Yes,Yes,Yes,Yes,Yes,No,1.094,153.005,153.729,22,nope all went well,No,the tool didnt really provide any we just spoke about the articles,Detractor,3,"""tool"" is a stretch, we just spoke about the articles. it didnt give me anything",
2025-07-27 10:59:43,2025-07-27 11:00:42,IP Address,91.200.252.35,100,58,True,2025-07-27 11:00:42,R_8i2vlcQp0OVgLeu,,,,,53.4809,-2.2374,anonymous,EN,I agree and I want to participate,6722a9a444173284f27c436f,Desktop,Communication and/or Media,English,,,,,,,,,,,,,,,,,,,,,,,,,,,,,,,,,,,,,,,,,,,,,,,,,,,,,,,,,,,,,,,,,,,,,,,,,,,,,,,,,,,,,,,,,,,,,,,,,,,,,,,,,,,,,,,,,,,,,,,
2025-07-27 10:12:09,2025-07-27 11:02:37,IP Address,86.186.21.175,100,3028,True,2025-07-27 11:02:38,R_2awAv6ertaJU7O0,,,,,53.2339,-2.549,anonymous,EN,I agree and I want to participate,60c114f1542c86cb1e3e7c86,Desktop,Other,English,25 to 44,Female,Bachelor's degree,United Kingdom,"Technicians & Associate Professionals – support roles requiring specialized training (e.g. lab technician, paralegal, IT support)","Yes, I will",2,2,5,5,3,3,2,Several times a week,8,"traditional media (e.g. newspapers, TV news channels),social media platforms (e.g. Facebook, Twitter, Telegram)",,,,,,,,,,,,,,,,,,,,,,,,,,,,,,,,,,,,,,,,,,0,0,387.145,0,0,0,1920.621,0,7,6,5,5,3,5,2,3,7,5,4,6,0,0,91.066,0,6,6,5,3,5,5,"I felt I was forming deliberate thoughts because I was forming spontaneous impressions and then re-reading sections to assess what had made me feel that way, and whether I could justify my judgment. That makes it more deliberate thinking.",2,2,7,2,2,6,Yes,Because I don't think Zelensky is deliberately prolonging a war just to avoid calling an election. He has shown better morality than this during the war.,2.203,120.591,122.024,10,Yes,No,No,Yes,Yes,Yes,Yes,No,2.203,120.592,122.024,10,"The AI tool did repeat itself several times. It also didn't encourage me to think critically about the material itself, just to imagine the impact of what the article described.",No,It helped me to summarise my thoughts.,Detractor,1,,
2025-07-27 11:01:02,2025-07-27 11:49:56,IP Address,91.200.252.35,100,2933,True,2025-07-27 11:49:56,R_8GUZfU1hlI5Xl6D,,,,,53.4809,-2.2374,anonymous,EN,I agree and I want to participate,6722a9a444173284f27c436f,Desktop,Other,English,25 to 44,Male,Bachelor's degree,United Kingdom,"Technicians & Associate Professionals – support roles requiring specialized training (e.g. lab technician, paralegal, IT support)","Yes, I will",5,5,4,6,6,5,4,Once a week,7,"online news websites,social media platforms (e.g. Facebook, Twitter, Telegram)",,,,,,,,,,,,,,,,,,,,,,0,0,314.202,0,0,0,1389.431,0,6,6,6,6,6,6,2,4,4,5,4,5,,,,,,,,,,,,,,,,,,,,,0,0,86.737,0,7,5,2,5,5,6,"I’d say my thoughts felt more deliberate while reading the article. The content was clearly designed to present a strong, one-sided narrative especially with accusations like Zelensky “playing games” or avoiding elections to stay in power",3,4,6,4,3,4,Yes,"Yes, I think the article is propagandistic.

It mostly pushes the Russian side of the story without showing Ukraine’s point of view. The language feels very biased saying Zelensky is “playing games” or “fearing elections” makes it sound like an attack, not balanced reporting. There’s no real effort to show both sides or explain why Ukraine might not attend the talks, which makes it feel more like persuasion than neutral news.",10.663,150.328,153.627,13,Yes,No,Yes,Yes,Yes,Yes,Yes,No,10.665,150.329,153.627,13,its all good,Yes,The most helpful part of the AI tool was how it guided the conversation by pointing out key themes and asking focused questions.,Promoter,9,,
2025-07-27 11:51:11,2025-07-27 11:52:15,IP Address,82.30.90.220,100,64,True,2025-07-27 11:52:16,R_2QfcXehGxpqi1xa,,,,,52.9538,-1.1571,anonymous,EN,I agree and I want to participate,67448b834d264c04298f4f34,Desktop,Communication and/or Media,English,,,,,,,,,,,,,,,,,,,,,,,,,,,,,,,,,,,,,,,,,,,,,,,,,,,,,,,,,,,,,,,,,,,,,,,,,,,,,,,,,,,,,,,,,,,,,,,,,,,,,,,,,,,,,,,,,,,,,,,
2025-07-27 12:46:38,2025-07-27 12:49:54,IP Address,138.199.31.133,100,195,True,2025-07-27 12:49:54,R_2bPHYtba0MGTV9o,,,,,51.5064,-0.02,anonymous,EN,I agree and I want to participate,664413a1fae91cf971a208f7,Mobile,Other,English,,,,,,,,,,,,,,,,,,,,,,,,,,,,,,,,,,,,,,,,,,,,,,,,,,,,,,,,,,,,,,,,,,,,,,,,,,,,,,,,,,,,,,,,,,,,,,,,,,,,,,,,,,,,,,,,,,,,,,,
2025-07-27 13:20:35,2025-07-27 13:50:41,IP Address,41.122.153.251,100,1806,True,2025-07-27 13:50:42,R_2QHGArH6YIzvRJv,,,,,-26.2309,28.0583,anonymous,EN,I agree and I want to participate,6766b0cd1232a844949fcc50,Desktop,Other,English,45 to 64,Female,Doctorate degree,South Africa,"Technicians & Associate Professionals – support roles requiring specialized training (e.g. lab technician, paralegal, IT support)","Yes, I will",7,7,1,1,7,7,7,Several times a week,9,"traditional media (e.g. newspapers, TV news channels),online news websites,social media platforms (e.g. Facebook, Twitter, Telegram)",,,,,,,,,,,,,,,,,,,,,,62.774,62.774,179.776,1,0,0,468.257,0,3,5,6,2,6,6,7,7,1,7,7,7,,,,,,,,,,,,,,,,,,,,,0,0,259.32,0,2,6,2,6,5,5,i think the article is true about the Ukraine present he is not willing for peace,6,6,1,7,7,7,No,it think this news is true,8.967,112.972,114.648,13,Yes,Yes,Yes,Yes,Yes,Yes,Yes,Yes,8.966,112.972,114.647,13,"it think it good ",Yes,it help me to understand politic more,Promoter,9,,
2025-07-27 14:07:13,2025-07-27 14:45:05,IP Address,194.81.106.246,100,2271,True,2025-07-27 14:45:05,R_8ffyJWMyg5NtBmx,,,,,52.1972,-0.8873,anonymous,EN,I agree and I want to participate,66f9d051fb016969f5078ea9,Desktop,Other,English,25 to 44,Male,Master's degree,United Kingdom,"Professionals – highly-skilled, degree-level work (e.g. doctor, lawyer, engineer, teacher, accountant)","Yes, I will",6,5,2,3,6,6,3,Once a day,9,"online news websites,social media platforms (e.g. Facebook, Twitter, Telegram)",,,,,,,,,,,,,,,,,,,,,,,,,,,,,,,,,,,,,,,,,,333.956,363.644,392.127,2,0,0,1287.613,0,3,4,6,3,4,3,5,4,7,5,4,5,119.676,119.676,121.465,1,5,2,3,3,4,5,"They felt more deliberate because this was a more personal contention between world leaders who should be on the same side going at odds. I wanted to absorb as much detail as possible without being influenced and to be able to form a valid opinion from this. ",6,5,4,5,3,4,No,"I think it's a bit strong in language but i don't think that immediately equates to propaganda, which is a much more intentional attempt to shift or boost opinion.",17.088,121.966,122.997,9,Yes,No,No,Yes,No,No,Yes,No,17.088,121.967,122.997,9,n/a,Yes,"I found it's ability to critique the article in context intriguing ",Passive,8,,
2025-07-27 14:46:33,2025-07-27 15:21:01,IP Address,216.120.189.168,100,2068,True,2025-07-27 15:21:02,R_2MLMNhquieYwkw6,,,,,51.5081,-0.1278,anonymous,EN,I agree and I want to participate,66a7af39796ea115d89dca18,Desktop,Other,English,25 to 44,Male,Bachelor's degree,United Kingdom,"Managers – people who plan and direct the work of others (e.g. department head, project manager, store manager)","Yes, I will",6,7,2,1,7,6,5,Multiple times a day,9,"online news websites,social media platforms (e.g. Facebook, Twitter, Telegram)",,41.022,306.476,307.632,3,332.013,676.403,690.158,2,6,7,7,6,6,7,3,4,6,5,5,7,,,,,,,,,,,,,,,,,,,,,,,,,,,,,,,,,,,,,,,,,17.289,115.942,117.659,4,7,6,6,6,6,7,The article addresses the possibility of the Ukrainian Government not wanting to end. This is new as Russia have been the aggressors throughout. It then goes ahead to provide perceived evidence to back up this claim.,5,2,6,4,3,7,Yes,I think it is Propaganda by the Russian government as it tries to put blame for a war started by Russia on the Ukrainian government and Zelensky in particular.,13.939,176.2,177.663,12,Yes,No,Yes,Yes,Yes,Yes,Yes,No,13.939,176.304,177.663,12,"The Bot was excellent, driving the conversation well. i will not suggest any improvements.",Yes,It helped me take note of instances of propaganda in the article.,Promoter,10,None,
2025-07-27 15:22:42,2025-07-27 15:25:43,IP Address,217.77.28.240,100,181,True,2025-07-27 15:25:44,R_8eR0Wx6U4Lnotqv,,,,,51.5081,-0.1278,anonymous,EN,I agree and I want to participate,673a1dcffde7de9c08f6d2e6,Desktop,Communication and/or Media,English,,,,,,,,,,,,,,,,,,,,,,,,,,,,,,,,,,,,,,,,,,,,,,,,,,,,,,,,,,,,,,,,,,,,,,,,,,,,,,,,,,,,,,,,,,,,,,,,,,,,,,,,,,,,,,,,,,,,,,,
2025-07-27 15:25:57,2025-07-27 16:29:37,IP Address,217.77.28.240,100,3820,True,2025-07-27 16:29:38,R_2uRuoPKEt9N3VYd,,,,,51.5081,-0.1278,anonymous,EN,I agree and I want to participate,673a1dcffde7de9c08f6d2e6,Desktop,Other,English,25 to 44,Male,Master's degree,United Kingdom,"Professionals – highly-skilled, degree-level work (e.g. doctor, lawyer, engineer, teacher, accountant)","Yes, I will",6,6,2,2,7,6,6,Several times a week,8,"traditional media (e.g. newspapers, TV news channels),online news websites,social media platforms (e.g. Facebook, Twitter, Telegram)",,,,,,,,,,,,,,,,,,,,,,,,,,,,,,,,,,,,,,,,,,120.816,240.491,253.808,19,0,0,2774.742,0,2,3,3,6,6,5,2,5,3,6,4,6,21.726,33.795,47.742,6,4,6,6,6,7,5,"The article presented serious political claims and accusations regarding the president, which required careful consideration.",2,1,6,2,1,2,Yes,It contains propagandistic element,11.697,181.728,182.272,26,Yes,No,Yes,Yes,Yes,No,Yes,No,11.696,181.727,182.271,26,Make it more interactive,Yes,it will with critical thinking,Passive,8,no,
2025-07-27 16:40:20,2025-07-27 16:44:01,IP Address,197.185.147.5,100,220,True,2025-07-27 16:44:02,R_8PwgkpRKBcYj0zL,,,,,-25.757,28.1443,anonymous,EN,I agree and I want to participate,60b6245e249c0b94ab54dd2e,Desktop,Communication and/or Media,English,,,,,,,,,,,,,,,,,,,,,,,,,,,,,,,,,,,,,,,,,,,,,,,,,,,,,,,,,,,,,,,,,,,,,,,,,,,,,,,,,,,,,,,,,,,,,,,,,,,,,,,,,,,,,,,,,,,,,,,
2025-07-27 16:44:23,2025-07-27 17:29:35,IP Address,197.185.147.5,100,2712,True,2025-07-27 17:29:36,R_8fzSlsC9SU8phHH,,,,,-25.757,28.1443,anonymous,EN,I agree and I want to participate,60b6245e249c0b94ab54dd2e,Desktop,Other,English,25 to 44,Female,"Some college/university, no degree",South Africa,"Technicians & Associate Professionals – support roles requiring specialized training (e.g. lab technician, paralegal, IT support)","Yes, I will",6,7,2,3,7,6,4,Once a month,7,"social media platforms (e.g. Facebook, Twitter, Telegram)",,0,0,454.345,0,0,0,794.383,0,7,6,6,6,2,5,3,6,2,6,6,6,,,,,,,,,,,,,,,,,,,,,,,,,,,,,,,,,,,,,,,,,0,0,209.663,0,4,3,3,2,4,6,"My thoughts were delibarate as I was reading because the information given is straight foward and i was interested in the topic at hand. ",6,7,2,6,6,7,No,"I don't think this is false information used to gain traction for different things. I believe this is true, and it is written to educate others around the world who do not know what is happening in the world.",9.812,180.344,313.135,10,No,No,No,No,No,No,Yes,Yes,9.813,180.344,313.135,10,"The answers it brings are too long , If it can simplify them it would be better. But the app is great.",Yes,The relevant information from my responses was returned well. It oays attention to detail.,Passive,8,,
2025-07-27 17:30:35,2025-07-27 18:33:19,IP Address,216.120.189.65,100,3763,True,2025-07-27 18:33:19,R_2jMKkg2Hl2LRtjr,,,,,51.5081,-0.1278,anonymous,EN,I agree and I want to participate,672755dd32af0473ffc21dd9,Desktop,Other,English,18 to 24,Female,Master's degree,United Kingdom,"Professionals – highly-skilled, degree-level work (e.g. doctor, lawyer, engineer, teacher, accountant)","Yes, I will",4,5,4,5,5,6,7,Once a week,10,"online news websites,social media platforms (e.g. Facebook, Twitter, Telegram)",,,,,,,,,,,,,,,,,,,,,,22.152,27.069,665.774,3,0,0,1366.612,0,6,7,4,2,1,3,6,4,4,6,5,6,,,,,,,,,,,,,,,,,,,,,0,0,351.372,0,6,5,5,4,3,7,I was only trying to be careful enough so I do not make any mistake if at all I am to describe or summarise all I have read.,6,6,3,6,6,6,No,I do believe non e of the passage is propagandistic in anyform,2.525,82.106,82.869,13,No,No,No,No,No,No,No,No,2.525,82.107,82.87,13,I think it is perfect,No,"I think how easy it is to use and understand ",Promoter,9,No. thank you,
2025-07-27 18:34:42,2025-07-27 18:36:44,IP Address,174.212.57.56,100,121,True,2025-07-27 18:36:44,R_3nYglMJrsol5iHT,,,,,28.7935,-81.2868,anonymous,EN,I agree and I want to participate,665f00998cd3efe0c163e589,Desktop,Communication and/or Media,English,,,,,,,,,,,,,,,,,,,,,,,,,,,,,,,,,,,,,,,,,,,,,,,,,,,,,,,,,,,,,,,,,,,,,,,,,,,,,,,,,,,,,,,,,,,,,,,,,,,,,,,,,,,,,,,,,,,,,,,
2025-07-27 18:55:23,2025-07-27 19:46:39,IP Address,197.185.160.139,100,3075,True,2025-07-27 19:46:39,R_2rpkkJWPrbL8Aqy,,,,,-25.757,28.1443,anonymous,EN,I agree and I want to participate,60c47e1f3eec3e5558a6de07,Desktop,Other,English,25 to 44,Female,Bachelor's degree,South Africa,"Clerical Support Workers – office and admin tasks (e.g. receptionist, data entry clerk, office assistant)","Yes, I will",4,5,2,1,6,6,4,Multiple times a day,11,"traditional media (e.g. newspapers, TV news channels),social media platforms (e.g. Facebook, Twitter, Telegram),news apps",,,,,,,,,,,,,,,,,,,,,,,,,,,,,,,,,,,,,,,,,,4.243,347.323,348.568,12,432.985,1157.154,1158.134,4,7,4,2,3,2,7,1,5,3,5,6,6,52.593,81.005,83.071,3,3,1,4,2,5,4,"I Felt mixed reaction as i was reading the article, because i did not really analyze every detail i read, i had few pauses and had a though about the seriousness of the situation Ukraine and USA and trying to think how it was resolved. overall i did not have strong emotional outburst or a fully thought of reaction.",5,6,2,6,6,5,No,"no , it did not use any emotional strong language and it shred exactly what was happening.",36.363,173.876,175.063,16,Yes,No,No,No,Yes,Yes,Yes,No,36.362,173.876,175.062,16,"the study is too long , id advice separating it in 2 parts",No,"the detailed explanation ",Promoter,10,no,
2025-07-27 20:00:27,2025-07-27 20:59:10,IP Address,84.55.13.187,100,3523,True,2025-07-27 20:59:11,R_2nUi2mLbAkOu4hP,,,,,53.4809,-2.2374,anonymous,EN,I agree and I want to participate,6769489d3116183a851e8728,Desktop,Other,English,18 to 24,Female,Bachelor's degree,United Kingdom,"Technicians & Associate Professionals – support roles requiring specialized training (e.g. lab technician, paralegal, IT support)","Yes, I will",7,7,1,1,7,7,1,Multiple times a day,9,"traditional media (e.g. newspapers, TV news channels),online news websites,social media platforms (e.g. Facebook, Twitter, Telegram)",,,,,,,,,,,,,,,,,,,,,,0,0,540.691,0,117.418,1357.672,1428.45,15,7,1,7,1,1,7,5,6,2,7,7,6,,,,,,,,,,,,,,,,,,,,,42.818,43.794,104.711,2,7,1,1,1,7,2,"Honestly my thoughts felt spontaneous because I was just reacting to what I was seeing in real time rather than planning out my response. As I read the headline about Zelensky “playing games,” my first reaction was surprise because it felt like such a loaded phrase. I didn’t stop to analyze it at first, it just made me think “that sounds one sided.” When the article mentioned his term expiring and called him a dictator, my mind jumped straight to wondering if that was accurate or just propaganda. I was also thinking about how there were no quotes or perspectives from Ukraine in there, which hit me in the moment as feeling unbalanced. None of those thoughts were planned out, they just happened as I went line by line.",6,2,6,2,1,3,Yes,"I feel like the article is trying to convince me instead of just informing me. While reading it, I’m noticing that it keeps using words that make Zelensky look bad and I’m not seeing any quotes or facts from Ukraine’s side. I’m realizing as I go through it that the focus is only on Russia’s point of view, which is making me question everything they’re saying.",2.097,204.153,215.84,14,Yes,No,Yes,Yes,Yes,Yes,Yes,No,2.096,204.152,215.839,14,I think the tool works really well overall. I liked how it broke the article down step by step and asked me questions that made me think about what I was reading instead of just skimming through it. The only thing I would improve is the lag when it is transcribing the audio because it feels like it falls a bit behind and that can interrupt the flow of answering. If that is fixed the experience would feel a lot smoother.,Yes,What I found most helpful was how the tool guided me through the article instead of just asking for a quick opinion. It pointed out parts of the text and made me think about whether they were balanced or one sided which helped me notice things I might have missed on my own. It also gave me space to explain my thoughts which made it easier to understand why I felt a certain way about what I was reading.,Promoter,10,"I do not really have any other feedback besides fixing the audio transcription lag. Everything else about the tool felt smooth and helpful, especially the way it asked questions that kept me thinking about the article in a deeper way.",
2025-07-27 21:33:24,2025-07-27 22:29:50,IP Address,82.9.94.46,100,3386,True,2025-07-27 22:29:51,R_8uZAudhZCaFEoWl,,,,,51.4801,-3.1855,anonymous,EN,I agree and I want to participate,5ba0df3c9c31af0001ff7795,Desktop,Other,English,25 to 44,Female,Master's degree,United Kingdom,"Professionals – highly-skilled, degree-level work (e.g. doctor, lawyer, engineer, teacher, accountant)","Yes, I will",3,2,6,2,2,2,3,Once a month,10,"online news websites,social media platforms (e.g. Facebook, Twitter, Telegram)",,,,,,,,,,,,,,,,,,,,,,0,0,46.271,0,2678.285,2704.008,2711.197,3,1,6,6,6,6,5,1,5,2,5,5,5,,,,,,,,,,,,,,,,,,,,,0,0,108.62,0,2,6,5,5,5,5,I had to concentrate quite hard as I'm tired. I don't know much about the Trump administration (and I don't have much interest). so  that makes my thoughts more deliberate,2,5,2,5,5,5,No,"I can't see any propaganda. It's factual and quotes from Ukrainian leaders directly. It mentions dates of proposals, which is an objective fact",6.275,68.224,69.094,13,No,No,No,No,No,No,No,No,6.276,68.224,69.094,13,it works well,No,it made me think harder about the evidence in the article,Passive,8,,
2025-07-27 22:31:29,2025-07-27 23:29:07,IP Address,157.254.28.211,100,3457,True,2025-07-27 23:29:07,R_8NqqKMbqxIFuqnT,,,,,51.5081,-0.1278,anonymous,EN,I agree and I want to participate,6690630045404fe6289a1aba,Desktop,Other,English,25 to 44,Male,Bachelor's degree,United Kingdom,"Technicians & Associate Professionals – support roles requiring specialized training (e.g. lab technician, paralegal, IT support)","Yes, I will",6,7,2,2,7,6,4,Several times a week,10,"traditional media (e.g. newspapers, TV news channels),online news websites,social media platforms (e.g. Facebook, Twitter, Telegram),news apps",,,,,,,,,,,,,,,,,,,,,,,,,,,,,,,,,,,,,,,,,,92.682,136.217,596.324,22,114.744,1006.423,1096.588,14,6,5,6,6,5,7,4,5,6,6,5,6,37.922,142.457,144.383,3,6,5,5,6,6,5,"As I read the article, my thoughts felt more reflective and careful. I found myself questioning a lot of what was being said because it only presented Russia’s side of the story. For example, the claim that Zelensky is avoiding peace talks just to stay in power seemed like a strong accusation, but there wasn’t much evidence or balance. That made me slow down and think more critically about what was being left out or why it was framed that way.",4,3,6,4,3,5,Yes,"I felt the article was propagandistic because it only presented the Russian government's perspective and made strong claims about Ukraine and President Zelensky without offering any counterarguments or evidence. It seemed designed to shape how the reader views Ukraine rather than give a balanced or factual overview. The language also felt emotionally loaded, especially when accusing Zelensky of corruption or fearing elections, which made me question the intent behind the article",4.751,289.758,299.028,14,Yes,No,Yes,Yes,Yes,Yes,Yes,No,4.751,289.758,299.028,14,"I’d suggest making the tool slightly more interactive or giving brief definitions/examples of propaganda techniques during the analysis. That would help users understand not just what is propaganda, but why it is.",Yes,"What I found most helpful was how the tool broke down specific claims and encouraged me to reflect on how they were presented. It didn’t just label something as biased, it prompted me to think about it in a structured way.",Passive,8,"I appreciated how the tool encouraged reflection rather than just giving answers. Adding short definitions or examples of each propaganda technique during the interaction would make it even more educational. Overall, it’s a thoughtful and valuable resource.",
2025-07-27 23:30:28,2025-07-27 23:49:37,IP Address,5.69.202.172,100,1148,True,2025-07-27 23:49:37,R_2iyzipXesdP1dK1,,,,,52.9506,-0.6513,anonymous,EN,I agree and I want to participate,5c4f7b99b33a5300013dbfdd,Desktop,Other,English,25 to 44,Female,Doctorate degree,United Kingdom,"Professionals – highly-skilled, degree-level work (e.g. doctor, lawyer, engineer, teacher, accountant)","Yes, I will",3,5,5,6,3,3,2,Once a month,10,"online news websites,social media platforms (e.g. Facebook, Twitter, Telegram)",,2.148,239.223,239.93,10,40.837,323.78,324.399,8,7,7,7,5,6,6,1,3,6,5,6,6,,,,,,,,,,,,,,,,,,,,,,,,,,,,,,,,,,,,,,,,,12.261,56.167,86.08,3,7,3,1,2,1,1,I am knowledgable about this topic so already had an opinion formed about it. When reading I was going into the artcile looking to confirm what I already know to be true and found it after each paragraph.,6,7,5,7,6,7,Yes,"It is trying to present the ongoing war from Russia's persepctive as the 'good guys' and paint Ukraine as the bad guys, when Russia started the war and clearly are the cause of all the problems.",1.157,122.895,124.984,20,No,Yes,No,Yes,Yes,Yes,No,Yes,1.157,122.895,124.985,20,NA,No,I liked that it listened to what I had to say and provided me with alternative perspectives.,Detractor,2,It seems quite basic to me - there's isn't anything particularly innovative about it.,
2025-07-27 23:50:40,2025-07-27 23:54:24,IP Address,105.216.74.177,100,224,True,2025-07-27 23:54:25,R_21BkCfMFdGKD7NX,,,,,-26.2198,28.251,anonymous,EN,I agree and I want to participate,5fd8a0646c16732304844f31,Desktop,Communication and/or Media,English,,,,,,,,,,,,,,,,,,,,,,,,,,,,,,,,,,,,,,,,,,,,,,,,,,,,,,,,,,,,,,,,,,,,,,,,,,,,,,,,,,,,,,,,,,,,,,,,,,,,,,,,,,,,,,,,,,,,,,,
2025-07-27 23:54:39,2025-07-28 00:41:34,IP Address,105.216.74.177,100,2815,True,2025-07-28 00:41:35,R_2kVp5UIi41QovzX,,,,,-26.2198,28.251,anonymous,EN,I agree and I want to participate,5fd8a0646c16732304844f31,Desktop,Other,English,25 to 44,Female,Bachelor's degree,South Africa,"Managers – people who plan and direct the work of others (e.g. department head, project manager, store manager)","Yes, I will",4,4,3,4,5,4,4,Once a week,8,"traditional media (e.g. newspapers, TV news channels),online news websites,social media platforms (e.g. Facebook, Twitter, Telegram)",,,,,,,,,,,,,,,,,,,,,,,,,,,,,,,,,,,,,,,,,,0,0,904.617,0,0,0,946.881,0,7,6,6,7,1,5,2,5,4,5,5,3,0,0,171.385,0,5,3,4,4,4,4,The article felt a bit one-sided to me — like it was written from a single point of view. I didn’t get a well-rounded understanding of what’s really going on with the Ukrainian president. It would’ve helped to hear different perspectives or more context so I could form a more balanced opinion.,1,3,7,4,3,1,,,64.101,121.859,123.168,8,Yes,No,No,Yes,Yes,No,No,No,64.101,121.859,123.168,8,,Yes,I loved that it summed everything up so well and chose a topic for us to delve on,Passive,8,,
2025-07-28 00:43:19,2025-07-28 00:43:45,IP Address,80.1.233.121,100,25,True,2025-07-28 00:43:45,R_8eiu2037wU4FJ9T,,,,,53.3497,-2.7266,anonymous,EN,I agree and I want to participate,568aab53316b10000d50d76b,Desktop,Communication and/or Media,English,,,,,,,,,,,,,,,,,,,,,,,,,,,,,,,,,,,,,,,,,,,,,,,,,,,,,,,,,,,,,,,,,,,,,,,,,,,,,,,,,,,,,,,,,,,,,,,,,,,,,,,,,,,,,,,,,,,,,,,
2025-07-28 00:44:13,2025-07-28 01:13:34,IP Address,81.153.187.192,100,1761,True,2025-07-28 01:13:34,R_8ShL66YDLjPN1Jv,,,,,51.652,-0.7062,anonymous,EN,I agree and I want to participate,6706992f8333d548143af1db,Desktop,Other,English,18 to 24,Male,"Some college/university, no degree",United Kingdom,"Professionals – highly-skilled, degree-level work (e.g. doctor, lawyer, engineer, teacher, accountant)","Yes, I will",2,2,3,5,6,3,5,Never,10,"social media platforms (e.g. Facebook, Twitter, Telegram)",,,,,,,,,,,,,,,,,,,,,,0,0,113.329,0,510.673,800.089,949.442,3,7,7,7,7,3,1,5,6,7,5,6,6,,,,,,,,,,,,,,,,,,,,,0,0,121.229,0,6,6,6,5,2,7,"I'm not too sure on what the question is asking. I disagree completely with the article, I don't think Russia is looking for long term peace. They will continue to try and occupy it's neighbours.",3,2,7,3,1,3,Yes,"It doesn't take from both sides of the argument, it doesn't take into account the core reasons behind why Zelensky is doing what he's doing. Everything in the article for the most part is speculative.",7.827,116.303,117.043,9,Yes,No,No,Yes,Yes,No,Yes,No,7.827,116.303,117.043,9,"Response speed, I understand this will become better anyway via hardware upgrades,",Yes,All the articles gave opinions on one side of the argument.,Detractor,0,,
2025-07-28 01:14:40,2025-07-28 01:15:12,IP Address,67.247.107.56,100,32,True,2025-07-28 01:15:12,R_5HjdzXugZvGCXyi,,,,,40.7547,-73.9614,anonymous,EN,I agree and I want to participate,5ef3a5fff378fa1321125965,Desktop,Communication and/or Media,English,,,,,,,,,,,,,,,,,,,,,,,,,,,,,,,,,,,,,,,,,,,,,,,,,,,,,,,,,,,,,,,,,,,,,,,,,,,,,,,,,,,,,,,,,,,,,,,,,,,,,,,,,,,,,,,,,,,,,,,
2025-07-28 01:16:35,2025-07-28 01:17:10,IP Address,73.188.232.6,100,34,True,2025-07-28 01:17:10,R_31Uf79QQHrodAiJ,,,,,39.9768,-75.256,anonymous,EN,I agree and I want to participate,580cab86b869700001d71628,Desktop,Communication and/or Media,English,,,,,,,,,,,,,,,,,,,,,,,,,,,,,,,,,,,,,,,,,,,,,,,,,,,,,,,,,,,,,,,,,,,,,,,,,,,,,,,,,,,,,,,,,,,,,,,,,,,,,,,,,,,,,,,,,,,,,,,
2025-07-28 01:17:29,2025-07-28 01:27:58,IP Address,76.23.201.243,100,629,True,2025-07-28 01:27:59,R_6s5qRGpCKirZ1z8,,,,,42.6351,-71.3014,anonymous,EN,I agree and I want to participate,5b0b77a9d282ff00015b7531,Desktop,Communication and/or Media,English,,,,,,,,,,,,,,,,,,,,,,,,,,,,,,,,,,,,,,,,,,,,,,,,,,,,,,,,,,,,,,,,,,,,,,,,,,,,,,,,,,,,,,,,,,,,,,,,,,,,,,,,,,,,,,,,,,,,,,,
2025-07-28 01:28:05,2025-07-28 02:11:50,IP Address,76.23.201.243,100,2625,True,2025-07-28 02:11:51,R_32U5nJxiGUHfT8d,,,,,42.6351,-71.3014,anonymous,EN,I agree and I want to participate,5b0b77a9d282ff00015b7531,Desktop,Other,English,18 to 24,Male,"Some college/university, no degree",United States,"Technicians & Associate Professionals – support roles requiring specialized training (e.g. lab technician, paralegal, IT support)","Yes, I will",4,3,4,2,5,4,3,Several times a week,8,"online news websites,social media platforms (e.g. Facebook, Twitter, Telegram),news apps",,0,0,768.504,0,0,0,934.14,0,6,4,4,3,2,4,1,4,5,4,4,4,,,,,,,,,,,,,,,,,,,,,,,,,,,,,,,,,,,,,,,,,313.582,313.582,314.213,1,2,4,2,4,2,1,"I suppose I just sort of processed it quick enough that I didn't feel the need to deliberate, I can't really explain why I didn't have to deliberate outside of that. I mean the article was like 3 paragraphs I can't imagine deliberating very much for it.",5,1,7,1,1,2,Yes,"Citing the fact that they're not holding an election during an active war as some sort of slight against zelensky when most countries wouldn't hold war time elections is disingenuous at best. Also RT is a russian state sponsored news source, clearly propaganda.",19.519,157.625,158.329,19,Yes,Yes,Yes,Yes,Yes,Yes,Yes,No,19.519,157.625,158.329,19,"Make it a little more personable/intentional I suppose, it felt like we were speaking in circles and they were just paraphrasing the article in a questioning manner.",No,"More or less nothing, it was moreso just hearing it spoken that I guess helped recontextualize some of it.",Detractor,0,,
2025-07-28 02:12:30,2025-07-28 02:15:38,IP Address,50.68.166.118,100,188,True,2025-07-28 02:15:38,R_5BhUis0fE75ymTK,,,,,49.3164,-123.0572,anonymous,EN,I agree and I want to participate,652d6e252c94536d1d6070de,Desktop,Communication and/or Media,English,,,,,,,,,,,,,,,,,,,,,,,,,,,,,,,,,,,,,,,,,,,,,,,,,,,,,,,,,,,,,,,,,,,,,,,,,,,,,,,,,,,,,,,,,,,,,,,,,,,,,,,,,,,,,,,,,,,,,,,
2025-07-28 02:15:52,2025-07-28 02:16:47,IP Address,50.68.166.118,100,54,True,2025-07-28 02:16:47,R_5aL8B0LGGMwIFSG,,,,,49.3164,-123.0572,anonymous,EN,I agree and I want to participate,652d6e252c94536d1d6070de,Desktop,Other,Other,,,,,,,,,,,,,,,,,,,,,,,,,,,,,,,,,,,,,,,,,,,,,,,,,,,,,,,,,,,,,,,,,,,,,,,,,,,,,,,,,,,,,,,,,,,,,,,,,,,,,,,,,,,,,,,,,,,,,,,
2025-07-28 02:23:15,2025-07-28 03:18:24,IP Address,192.143.136.220,100,3308,True,2025-07-28 03:18:24,R_2dm1jrELtcs0jvI,,,,,-26.1917,28.0523,anonymous,EN,I agree and I want to participate,6099911160f3e9d0d94b18e8,Desktop,Other,English,25 to 44,Female,Bachelor's degree,South Africa,"Managers – people who plan and direct the work of others (e.g. department head, project manager, store manager)","Yes, I will",6,6,1,2,7,5,4,Multiple times a day,11,"traditional media (e.g. newspapers, TV news channels),online news websites,social media platforms (e.g. Facebook, Twitter, Telegram)",,,,,,,,,,,,,,,,,,,,,,199.663,397.649,398.068,12,390.257,705.59,707.702,18,4,4,4,2,4,6,3,5,3,6,6,7,,,,,,,,,,,,,,,,,,,,,185.736,186.539,212.59,5,7,5,1,1,7,1,"The story was about one person, the president of Ukraine. That made me to relax and red the article at easy.",2,2,5,7,4,7,Yes,Zelensky wouldn't  want to prolong the conflict. He wants war to cease,39.743,376.035,377.526,28,Yes,Yes,Yes,Yes,Yes,Yes,Yes,No,39.742,376.035,377.525,28,I think it is perfect that way,Yes,The information was clear and easy to read. The conversation with the bot was flowing,Promoter,10,no,
2025-07-28 03:19:35,2025-07-28 03:33:31,IP Address,96.52.121.89,100,836,True,2025-07-28 03:33:32,R_7wgGwIbfiOiluk9,,,,,53.632,-113.6363,anonymous,EN,I agree and I want to participate,604a8a4926724aaed69b940b,Desktop,Other,English,25 to 44,Male,Bachelor's degree,Canada,"Clerical Support Workers – office and admin tasks (e.g. receptionist, data entry clerk, office assistant)","Yes, I will",6,7,3,3,5,6,6,Several times a week,9,"traditional media (e.g. newspapers, TV news channels),online news websites,social media platforms (e.g. Facebook, Twitter, Telegram),news apps",,,,,,,,,,,,,,,,,,,,,,,,,,,,,,,,,,,,,,,,,,0,0,177.238,0,0,0,186.312,0,3,3,5,5,3,1,5,4,5,5,3,5,0,0,30.807,0,7,7,5,4,3,5,"I thought that the article gave a clear position by Putin, and how he sees or calls president Zelensky a dictator. It is delineate propaganda and justification by Putin to invade Ukraine and try to restore the iron curtain and the soviet union empire. ",6,5,5,5,5,6,,,13.909,26.919,30.199,12,Yes,No,Yes,Yes,Yes,No,Yes,Yes,13.91,26.919,30.199,12,"None. ",Yes,"It helps to highlight the thesis of the article. ",Passive,7,"None. ",
2025-07-28 03:34:33,2025-07-28 04:09:46,IP Address,50.68.32.17,100,2112,True,2025-07-28 04:09:47,R_6mKJsFH8zri5zQl,,,,,49.2372,-123.037,anonymous,EN,I agree and I want to participate,5c2d3ba4731cd10001b647d7,Desktop,Other,English,25 to 44,Male,Bachelor's degree,,"Managers – people who plan and direct the work of others (e.g. department head, project manager, store manager)","Yes, I will",6,6,2,3,7,6,3,Once a day,10,online news websites,,0,0,358.974,0,211.487,1049.479,1241.957,6,6,3,6,3,3,2,3,4,5,6,6,5,,,,,,,,,,,,,,,,,,,,,,,,,,,,,,,,,,,,,,,,,0,0,107.042,0,5,3,3,3,3,5,putting thought and effort into reading and understanding the content while also having my own personal opinion in my mind,3,5,6,5,5,5,Yes,from the opinion of a russian diplomatic based around the article and quote,1.298,84.369,91.386,11,Yes,Yes,Yes,Yes,Yes,Yes,Yes,Yes,1.298,84.37,91.386,11,,No,recommendations and conversation,Promoter,10,,
2025-07-28 04:10:17,2025-07-28 04:48:31,IP Address,74.96.75.99,100,2294,True,2025-07-28 04:48:31,R_6mkpOAz6TExGkT9,,,,,38.8138,-77.1487,anonymous,EN,I agree and I want to participate,5d7fd2a5987f70001602d95b,Desktop,Other,English,45 to 64,Female,Bachelor's degree,United States,"Professionals – highly-skilled, degree-level work (e.g. doctor, lawyer, engineer, teacher, accountant)","Yes, I will",4,4,4,4,7,4,4,Once a week,9,"traditional media (e.g. newspapers, TV news channels),online news websites,social media platforms (e.g. Facebook, Twitter, Telegram)",,,,,,,,,,,,,,,,,,,,,,0,0,244.409,0,0,0,981.147,0,7,4,4,4,1,4,4,6,4,7,6,7,,,,,,,,,,,,,,,,,,,,,0,0,72.507,0,6,7,7,1,4,4,"As I was reading the article, partly I felt my thoughts were spontaneous as I absorbed the information and read it from beginning to end. Partly my thoughts felt deliberate because of what I understand the situation to be which the article is speaking of. For instance, my mind felt spontaneous as I was reading about Ukraine not wanting to negotiate and continue with war and going with the flow on understanding and absorbing this information however I felt deliberate mentally as I'm not sure if that makes sense as Ukraine may not want to keep being in conflict with Russia. ",6,2,7,2,2,6,Yes,"It doesn't make sense to me that Ukraine would want to continue war with Russia rather than negotiate a possibility to end it. ",1.093,85.169,106.931,10,Yes,Yes,Yes,Yes,Yes,Yes,Yes,No,1.093,85.168,106.93,10,"I think the tool is great, the only possible improvement is for it to hopefully process audio feedback with more efficacy as my last audio response yielded a very long thinking response which felt laboriouos or as if a response back would not yield. However, given the entire context, it's a great tool very effective at understanding and presenting information! ",Yes,"The tool offered great information and context. The breadth and depth of responses were impressive and intelligent, citing great points and details or information. ",Promoter,10,"The tool was nice to work with! I enjoyed it! ",
2025-07-28 04:49:59,2025-07-28 04:50:51,IP Address,67.68.55.79,100,51,True,2025-07-28 04:50:51,R_1TmgLKMB7sUguul,,,,,42.9979,-81.2602,anonymous,EN,I agree and I want to participate,67ca1c34f0da9d3943a87fcc,Desktop,Communication and/or Media,English,,,,,,,,,,,,,,,,,,,,,,,,,,,,,,,,,,,,,,,,,,,,,,,,,,,,,,,,,,,,,,,,,,,,,,,,,,,,,,,,,,,,,,,,,,,,,,,,,,,,,,,,,,,,,,,,,,,,,,,
2025-07-28 04:51:04,2025-07-28 05:10:22,IP Address,67.68.55.79,100,1157,True,2025-07-28 05:10:22,R_5P63qKbOMLnTpOV,,,,,42.9979,-81.2602,anonymous,EN,I agree and I want to participate,67ca1c34f0da9d3943a87fcc,Desktop,Other,English,18 to 24,Male,Bachelor's degree,Canada,"Professionals – highly-skilled, degree-level work (e.g. doctor, lawyer, engineer, teacher, accountant)","Yes, I will",5,4,6,4,5,4,6,Once a month,11,"social media platforms (e.g. Facebook, Twitter, Telegram)",,0,0,46.452,0,0,0,539.084,0,6,7,6,7,7,6,6,5,6,6,6,6,,,,,,,,,,,,,,,,,,,,,,,,,,,,,,,,,,,,,,,,,0,0,28.339,0,5,6,4,4,4,5,It was about the russian and ukranian war which should be real issues other than political moves,5,5,6,5,6,6,No,because they are real issues felt in the ground,3.636,86.572,90.606,12,No,Yes,Yes,Yes,Yes,No,No,No,3.635,86.571,90.714,12,for now its a cool one i did not experience any problems,No,the way it informs about the current issues in the current world,Passive,8,"it was fun
",
2025-07-28 05:37:12,2025-07-28 06:30:03,IP Address,142.165.171.233,100,3170,True,2025-07-28 06:30:03,R_61cQkMpJPMVj5AD,,,,,52.1562,-106.6914,anonymous,EN,I agree and I want to participate,6650e7ed4228b3625176fe7f,Desktop,Other,English,25 to 44,Male,Master's degree,Canada,"Professionals – highly-skilled, degree-level work (e.g. doctor, lawyer, engineer, teacher, accountant)","Yes, I will",6,7,2,2,6,6,6,Once a day,7,"social media platforms (e.g. Facebook, Twitter, Telegram)",,,,,,,,,,,,,,,,,,,,,,0,0,214.413,0,0,0,2479.214,0,6,6,6,6,6,4,3,4,5,5,5,5,,,,,,,,,,,,,,,,,,,,,0,0,36.317,0,3,3,2,3,2,4,"The gist of the article was fairly plain, and the details were known to me - or at least the presentation fo the details. Being quite one sided, this also made it faster and easier to read. Not necessairly accurate, but easier.",6,3,7,2,2,4,Yes,"Its one sided and quite negative - not always obviously so - but the bent is pretty clear. What positive is there here about Ukraine? Nothing. Not even neutral, but negative.",0.974,66.182,70.65,10,Yes,No,Yes,Yes,Yes,Yes,Yes,No,0.974,66.182,70.65,10,I don't know that I got anything out of interacting with the Ai. It was long winded and something of a sycophant. Unpleasant to use really.,No,The simple fact of discussing the article is helpful I guess.,Detractor,0,None.,
2025-07-28 06:33:18,2025-07-28 07:11:26,IP Address,173.189.114.2,100,2288,True,2025-07-28 07:11:27,R_1tFCzu8tJEAZQc9,,,,,35.8684,-80.315,anonymous,EN,I agree and I want to participate,67849e9a334eaf1d8e0de077,Desktop,Other,English,25 to 44,Male,Bachelor's degree,United States,"Professionals – highly-skilled, degree-level work (e.g. doctor, lawyer, engineer, teacher, accountant)","Yes, I will",4,5,1,1,6,4,1,Several times a week,7,"online news websites,social media platforms (e.g. Facebook, Twitter, Telegram)",,0,0,277.532,0,0,0,913.911,0,6,3,6,7,2,4,3,2,7,2,2,3,,,,,,,,,,,,,,,,,,,,,,,,,,,,,,,,,,,,,,,,,0,0,84.782,0,6,5,5,1,1,4,"I paused after most quotes from the Russian diplomat to think through what he was arguing and whether it aligned with what I know about the conflict, the key figures, and the motivations underlying Russia's invasion of Ukraine. For example, when he argued that Ukraine wants to prolong the war, I recalled watching videos of Zelensky risking his own life to help defend Ukraine early in the conflict. I doubt that a leader who is so badly scared of public perception that he wants to avoid an election would be willing to carry a gun out into an active conflict to stroke his own ego. ",5,1,5,1,1,5,Yes,"While I don't think the article itself is necessarily propagandistic, given that it appears to primarily quote direct sources and accurate report events that have occurred, it does a poor job of providing any fact-checking or further explanation that would clarify whether the sources cited should be given any weight. ",1.043,164.442,165.684,23,Yes,No,Yes,Yes,Yes,Yes,Yes,No,1.043,164.442,165.684,23,"I think the voice element of the tool could be really helpful for some users, but some of the pronunciations were a bit strange. For example, when she said the word ""connection"" it sounded like ""conniption."" ",No,"The tool seemed to primarily integrate outside information when discussing the article to contextualize the events discussed. However, I have no way of knowing whether that outside information was accurate or not.",Detractor,3,"When I clicked the button to record my response, the audio of her previous reply would also begin playing. I had to manually pause it before speaking each time, so she didn't just record herself talking. ",
2025-07-28 07:13:01,2025-07-28 08:10:43,IP Address,105.245.160.90,100,3462,True,2025-07-28 08:10:43,R_8FG1dKZI3GT2HF4,,,,,-29.8553,31.0428,anonymous,EN,I agree and I want to participate,35,Desktop,Other,English,25 to 44,Male,Master's degree,South Africa,"Technicians & Associate Professionals – support roles requiring specialized training (e.g. lab technician, paralegal, IT support)","Yes, I will",1,5,1,3,5,4,5,Several times a week,9,"online news websites,social media platforms (e.g. Facebook, Twitter, Telegram)",,,,,,,,,,,,,,,,,,,,,,,,,,,,,,,,,,,,,,,,,,4.251,78.208,78.548,6,13.228,1112.732,1113.068,17,6,7,1,7,1,1,7,6,4,7,7,7,3.436,4.004,129.451,6,6,2,5,6,5,1,New news to me,1,3,3,5,4,5,Yes,Reasonable response,11.188,194.018,195.811,24,Yes,No,Yes,Yes,Yes,Yes,Yes,Yes,11.189,194.019,195.811,24,Just illustrations for a magination and interesting read,No,"Made the interaction very interesting and shorr but took forever in ending ",Promoter,9,Not applicable,
2025-07-28 08:11:36,2025-07-28 09:24:28,IP Address,113.20.53.94,100,4371,True,2025-07-28 09:24:28,R_6DJs0yOXUoIxHb3,,,,,39.0814,-77.6443,anonymous,EN,I agree and I want to participate,67f0295c710e9e26b0684d22,Desktop,Other,English,18 to 24,Female,Bachelor's degree,United States,"Managers – people who plan and direct the work of others (e.g. department head, project manager, store manager)","Yes, I will",3,5,6,7,3,3,5,Once a week,11,"online news websites,news apps",,,,,,,,,,,,,,,,,,,,,,,,,,,,,,,,,,,,,,,,,,18.636,820.083,845.574,6,254.687,256.269,1427.864,2,7,7,6,6,2,2,1,5,5,1,7,2,0,0,77.157,0,2,2,1,1,1,4,It was an easy read because it has been written in a simple third person style and i am familiar with the topic,5,1,7,2,1,6,Yes,Because the president of Ukraine has been pushing for peace talks and aid from america from the longest time to ensure the war ends as soon as possible.Zelensky has been delayed by the unwillingness of the west to partner with him because of their personal political interests,1.327,183.479,184.537,14,Yes,Yes,Yes,Yes,Yes,No,Yes,No,1.326,183.478,184.537,14,"none ",No,im sorry i had to go with my knowledge and didnt find any tool helpful.maybe i missed the point of this whole experiment?,Detractor,1,no,
2025-07-28 10:01:15,2025-07-28 10:52:19,IP Address,216.120.189.221,100,3063,True,2025-07-28 10:52:19,R_8PN8f6JsGOTrttr,,,,,51.5081,-0.1278,anonymous,EN,I agree and I want to participate,67895b7d6400163124042af7,Desktop,Other,English,25 to 44,Female,Bachelor's degree,United Kingdom,"Technicians & Associate Professionals – support roles requiring specialized training (e.g. lab technician, paralegal, IT support)","Yes, I will",6,5,5,5,6,6,4,Once a week,10,"social media platforms (e.g. Facebook, Twitter, Telegram)",,,,,,,,,,,,,,,,,,,,,,,,,,,,,,,,,,,,,,,,,,0,0,8.571,0,1312.477,1312.477,1575.798,1,5,3,6,2,3,2,7,6,3,7,6,6,0,0,100.281,0,3,4,3,4,4,5,I had to read the article properly before making any decision even though i had prio knowledge on the matter..I had to think critical so I don't speak from a place of emotion or bias,6,6,3,7,6,6,No,In some aspect it lean into propagandist especially from the russian side.,59.276,661.947,668.87,14,Yes,Yes,Yes,Yes,Yes,Yes,Yes,No,59.275,661.946,668.87,14,make it more comprehensive,Yes,everything,Passive,7,no,
2025-07-28 11:21:03,2025-07-28 12:13:48,IP Address,90.243.219.213,100,3164,True,2025-07-28 12:13:49,R_8wtLM6evgyFS2pT,,,,,52.1972,-0.8873,anonymous,EN,I agree and I want to participate,672bec1d7fd5de6ac0c72173,Desktop,Other,English,18 to 24,Male,Bachelor's degree,United Kingdom,"Professionals – highly-skilled, degree-level work (e.g. doctor, lawyer, engineer, teacher, accountant)","Yes, I will",7,7,1,1,5,6,1,Multiple times a day,10,"traditional media (e.g. newspapers, TV news channels),online news websites,social media platforms (e.g. Facebook, Twitter, Telegram)",,0,0,725.467,0,0,0,1279.285,0,7,5,4,6,2,7,4,5,7,6,6,6,,,,,,,,,,,,,,,,,,,,,,,,,,,,,,,,,,,,,,,,,77.055,77.055,80.589,1,1,3,1,4,1,7,"The article is shallow and has no intrigue or flow to it, it is just like points written down. It makes bold statements like the Ukranian leader does not want meaningful negotiations without anything after to back it. It feels directed and biased.",4,1,7,2,1,1,Yes,The statements though bold have little follow through to back them up.,8.626,117.218,119.802,11,Yes,No,No,No,Yes,Yes,Yes,No,8.626,117.217,119.801,11,The tool is quite impressive and intellectually involving to talk to. I would suggest that it be able to detect propaganda from the user and any unproven facts so it points them out and refrains from debating on them further.,Yes,There is a gap between the decisions leaders make and the knowledge available to the public. It helped me gain perspective on certain matters.,Passive,8,,
2025-07-28 12:14:54,2025-07-28 13:04:01,IP Address,41.120.0.46,100,2947,True,2025-07-28 13:04:02,R_8GPmGpZY8IMRVA1,,,,,-30.1797,29.8786,anonymous,EN,I agree and I want to participate,60740ef98a46b9cf7ac0fb30,Desktop,Other,English,25 to 44,Female,Bachelor's degree,South Africa,"Clerical Support Workers – office and admin tasks (e.g. receptionist, data entry clerk, office assistant)","Yes, I will",5,4,5,4,5,4,6,Once a day,11,"traditional media (e.g. newspapers, TV news channels),online news websites,social media platforms (e.g. Facebook, Twitter, Telegram),news apps",,3.509,574.816,576.844,16,68.534,1516.762,1517.796,7,7,7,4,7,7,7,4,5,4,7,7,7,,,,,,,,,,,,,,,,,,,,,,,,,,,,,,,,,,,,,,,,,20.089,44.72,117.342,2,7,1,7,7,7,7,"My reading of the article was deliberate than spontaneous, I found myself clearly checking each paragraph trying to understand the author.",4,5,4,6,6,6,No,"The article leans towards being propangastic in nature ",38.37,178.624,179.84,20,Yes,No,Yes,Yes,Yes,Yes,Yes,No,38.37,178.625,179.84,20,none,Yes,,Passive,8,,
2025-07-28 13:46:34,2025-07-28 14:12:38,IP Address,90.221.160.248,100,1564,True,2025-07-28 14:12:39,R_8im0NQrYClLiDXu,,,,,52.0618,1.156,anonymous,EN,I agree and I want to participate,60d0709ffc9b494cf65a266c,Desktop,Other,English,18 to 24,Male,"Some college/university, no degree",United Kingdom,"Craft & Related Trades Workers – hands-on skilled trades (e.g. carpenter, plumber, electrician)","Yes, I will",5,5,3,4,4,4,3,Several times a week,8,"traditional media (e.g. newspapers, TV news channels),online news websites,social media platforms (e.g. Facebook, Twitter, Telegram)",,,,,,,,,,,,,,,,,,,,,,0,0,102.32,0,0,0,319.978,0,5,3,6,6,6,4,1,4,4,3,4,4,,,,,,,,,,,,,,,,,,,,,0,0,85.82,0,3,2,3,4,4,2,That article felt a much easier read than the other one.,2,3,3,3,4,4,,,40.999,54.26,57.254,10,No,No,No,No,No,No,No,No,40.999,54.26,57.254,10,unsure,No,didnt change anything,Detractor,5,no,
2025-07-28 14:14:22,2025-07-28 14:15:58,IP Address,2.102.123.78,100,95,True,2025-07-28 14:15:59,R_8fV3YNOqGIklMxX,,,,,53.4606,-2.2572,anonymous,EN,I agree and I want to participate,6140c3a90a6dd68626f82791,Desktop,Communication and/or Media,English,,,,,,,,,,,,,,,,,,,,,,,,,,,,,,,,,,,,,,,,,,,,,,,,,,,,,,,,,,,,,,,,,,,,,,,,,,,,,,,,,,,,,,,,,,,,,,,,,,,,,,,,,,,,,,,,,,,,,,,
2025-07-29 15:18:32,2025-07-29 15:55:24,IP Address,92.40.175.155,100,2211,True,2025-07-29 15:55:24,R_8oMiKD7tJrQElR7,,,,,51.4892,0.0439,anonymous,EN,I agree and I want to participate,6741b07b38b4333ee7068124,Desktop,Other,English,25 to 44,Female,Master's degree,United Kingdom,"Managers – people who plan and direct the work of others (e.g. department head, project manager, store manager)","Yes, I will",4,4,4,4,4,3,3,Several times a week,10,"traditional media (e.g. newspapers, TV news channels),online news websites,social media platforms (e.g. Facebook, Twitter, Telegram)",,0,0,19.737,0,0,0,1519.275,0,7,7,6,7,4,7,1,6,1,7,7,7,,,,,,,,,,,,,,,,,,,,,,,,,,,,,,,,,,,,,,,,,0,0,12.095,0,7,7,7,3,7,7,"It was deliberate because I took time to read the article and ponder and apply it reality in my head. and i realised it is not far from the truth. For instance reading the diversion of funds meant for security, made me realise why german as a nation is having security issues",2,7,1,7,7,7,No,"None is propagandistic. ",11.977,99.23,124.619,11,No,No,No,No,No,No,No,No,11.977,99.23,124.619,11,Nothing,Yes,All,Promoter,10,None,
2025-07-29 15:56:25,2025-07-29 15:57:23,IP Address,99.248.124.73,100,58,True,2025-07-29 15:57:24,R_1wjJrslY9Ul6mk1,,,,,43.8839,-78.8774,anonymous,EN,I agree and I want to participate,67aea126e50855c7029e0647,Desktop,Communication and/or Media,English,,,,,,,,,,,,,,,,,,,,,,,,,,,,,,,,,,,,,,,,,,,,,,,,,,,,,,,,,,,,,,,,,,,,,,,,,,,,,,,,,,,,,,,,,,,,,,,,,,,,,,,,,,,,,,,,,,,,,,,
2025-07-29 15:59:21,2025-07-29 16:02:08,IP Address,105.245.124.43,100,166,True,2025-07-29 16:02:08,R_21X1B0nOAm8CfUR,,,,,-25.757,28.1443,anonymous,EN,I agree and I want to participate,6777f1d7ac25a7e6b0efc90d,Desktop,Communication and/or Media,English,,,,,,,,,,,,,,,,,,,,,,,,,,,,,,,,,,,,,,,,,,,,,,,,,,,,,,,,,,,,,,,,,,,,,,,,,,,,,,,,,,,,,,,,,,,,,,,,,,,,,,,,,,,,,,,,,,,,,,,
2025-07-29 16:02:28,2025-07-29 16:03:31,IP Address,105.245.124.43,100,62,True,2025-07-29 16:03:31,R_85xWyAztKrAhT5D,,,,,-25.757,28.1443,anonymous,EN,I agree and I want to participate,6777f1d7ac25a7e6b0efc90d,Desktop,Politics,English,,,,,,,,,,,,,,,,,,,,,,,,,,,,,,,,,,,,,,,,,,,,,,,,,,,,,,,,,,,,,,,,,,,,,,,,,,,,,,,,,,,,,,,,,,,,,,,,,,,,,,,,,,,,,,,,,,,,,,,
2025-07-29 16:03:50,2025-07-29 16:46:32,IP Address,105.245.124.43,100,2562,True,2025-07-29 16:46:32,R_8dpgskb5U9K67hQ,,,,,-25.757,28.1443,anonymous,EN,I agree and I want to participate,6777f1d7ac25a7e6b0efc90d,Desktop,Other,English,65 and over,Female,Doctorate degree,South Africa,,"Yes, I will",3,3,2,4,6,4,2,Once a day,9,"traditional media (e.g. newspapers, TV news channels),online news websites,social media platforms (e.g. Facebook, Twitter, Telegram),news apps",,,,,,,,,,,,,,,,,,,,,,8.152,375.4,507.032,10,283.834,677.652,679.588,4,5,3,4,3,3,2,1,6,1,7,4,5,,,,,,,,,,,,,,,,,,,,,14.516,275.867,280.744,4,7,2,1,2,7,3,"the article was wrote with lots of thoughts and understanding and it stated each and every facts about the situation ",1,7,1,7,6,7,No,didnt find anything misleading about the article,16.051,209.306,217.884,12,Yes,No,No,No,Yes,Yes,No,No,16.051,209.307,217.884,12,the tools needs to be improved on voice detection,Yes,i liked the tool a lot because it presented itself and acted as a human being,Passive,8,needs improvement with voice,
2025-07-29 16:47:24,2025-07-29 17:53:37,IP Address,185.72.184.5,100,3973,True,2025-07-29 17:53:37,R_2q8yZ48STClnkEU,,,,,51.0959,17.0261,anonymous,EN,I agree and I want to participate,5fb1e0765b6df1739e8c5bd2,Desktop,Other,English,18 to 24,Male,"Some college/university, no degree",Poland,"Craft & Related Trades Workers – hands-on skilled trades (e.g. carpenter, plumber, electrician)","Yes, I will",1,1,5,7,5,2,2,Several times a week,8,"online news websites,social media platforms (e.g. Facebook, Twitter, Telegram)",,0,0,242.505,0,1812.384,1812.384,2743.258,1,5,1,3,7,5,2,3,2,7,2,1,1,,,,,,,,,,,,,,,,,,,,,,,,,,,,,,,,,,,,,,,,,0,0,75.06,0,3,6,5,1,2,3,"I was tired from waiting for the AI bot to respond for a long while, and I'm quite familiar with the situation in Ukraine, so I didnt quite feel like there was much of any deliberate thinking or analysis on the subject here on my end
",6,4,5,4,2,5,Yes,"The article starts off with a very bold statement against Zelensky, and features a similarly aggressive title. The article only shares one perspective, and brings nothing from the side of Ukraine, bashing its current leader",1.164,191.37,192.918,10,Yes,No,Yes,Yes,Yes,Yes,Yes,No,1.165,191.37,192.918,10,"At one point the tool stopped responding, simply claiming it was analyzing my response, I think I waited at least 15 minutes before moving on",No,"It helped focus on oversights I had, and it helped move the conversation along",Detractor,0,"Response times were very troublesome. I also should bring up, I selected ""male"" on the demographic questionnaire, and I am, I am however trans, and my voice is still very high, which might help explain the possible confusion",
2025-07-29 17:54:33,2025-07-29 18:32:01,IP Address,90.210.13.246,100,2248,True,2025-07-29 18:32:01,R_2bI9ttxyXz8hx1y,,,,,52.6152,-1.6655,anonymous,EN,I agree and I want to participate,63469953c04a8b540b5749d2,Desktop,Other,English,18 to 24,Male,Bachelor's degree,,"Technicians & Associate Professionals – support roles requiring specialized training (e.g. lab technician, paralegal, IT support)","Yes, I will",5,5,3,3,5,4,4,Several times a week,1,"social media platforms (e.g. Facebook, Twitter, Telegram),news apps",,,,,,,,,,,,,,,,,,,,,,,,,,,,,,,,,,,,,,,,,,48.98,83.194,106.025,8,1421.688,1455.149,1455.666,3,6,4,6,5,5,5,5,4,6,4,3,6,4.657,4.657,11.079,1,2,3,4,3,3,6,"My thoughts were more deliberate because the article felt pretty biased, so I was paying extra attention to how things were worded. Some parts felt emotionally loaded, so I didn’t just skim it.",5,4,7,4,3,6,Yes,"The language used in the article clearly favors one side and frames the other in a negative light. It doesn't offer a balanced view or multiple perspectives, which made it feel like it was pushing a certain narrative rather than just reporting facts.",2.179,79.545,81.808,22,Yes,No,Yes,Yes,No,Yes,Yes,No,2.179,79.545,81.808,22,Make the AI less wordy and more direct,Yes,Breaking down specific passages and showing where manipulation or framing is happening. It helped connect the dots and made the bias easier to spot,Passive,8,The tool was actually pretty helpful. It made me notice how certain phrases or quotes can shape the way a story is told. I liked seeing the breakdown of which parts could be considered propaganda,
2025-07-29 18:33:37,2025-07-29 18:35:06,IP Address,92.40.197.191,100,88,True,2025-07-29 18:35:07,R_81gDbxAt6UdZP6R,,,,,50.8976,-1.4004,anonymous,EN,I agree and I want to participate,612eb27ffda153fd8792e92d,Mobile,Communication and/or Media,English,,,,,,,,,,,,,,,,,,,,,,,,,,,,,,,,,,,,,,,,,,,,,,,,,,,,,,,,,,,,,,,,,,,,,,,,,,,,,,,,,,,,,,,,,,,,,,,,,,,,,,,,,,,,,,,,,,,,,,,
2025-07-29 18:40:47,2025-07-29 19:15:10,IP Address,24.156.170.130,100,2062,True,2025-07-29 19:15:11,R_7stNFg2faepsmik,,,,,43.5752,-79.6296,anonymous,EN,I agree and I want to participate,669bea454c1e89496d925394,Desktop,Other,English,25 to 44,Male,"Some college/university, no degree",Canada,"Professionals – highly-skilled, degree-level work (e.g. doctor, lawyer, engineer, teacher, accountant)","Yes, I will",6,5,6,5,5,6,7,Several times a week,1,"traditional media (e.g. newspapers, TV news channels),online news websites,social media platforms (e.g. Facebook, Twitter, Telegram),news apps",,,,,,,,,,,,,,,,,,,,,,,,,,,,,,,,,,,,,,,,,,5.779,210.101,222.299,2,66.474,1488.398,1489.366,8,7,6,4,6,3,4,6,6,7,6,6,7,14.724,21.647,35.235,2,6,6,3,5,6,5,"Seemed like Russian propaganda, reaching for discourse where it doesn't really exist. Russia attacked first and is trying to de-stabilize.",7,6,6,6,5,7,Yes,Ukraine playing games is a stupid thing to say considering they were not the aggressor. If anything Russia is playing stupid games because they can't finish off a lesser oppornent. SAD>=.,2.123,82.892,83.618,17,Yes,Yes,Yes,No,Yes,Yes,Yes,No,2.123,82.892,83.618,17,none,Yes,dont know,Detractor,5,,
2025-07-29 19:16:53,2025-07-29 19:39:51,IP Address,148.252.20.152,100,1377,True,2025-07-29 19:39:51,R_2zZscJT4ZKBI7ey,,,,,53.9839,-2.7796,anonymous,EN,I agree and I want to participate,65c4ffdbbc3723eaece5a937,Desktop,Other,English,25 to 44,Male,Bachelor's degree,United Kingdom,"Managers – people who plan and direct the work of others (e.g. department head, project manager, store manager)","Yes, I will",6,6,2,6,6,6,3,Multiple times a day,8,"traditional media (e.g. newspapers, TV news channels),online news websites",,,,,,,,,,,,,,,,,,,,,,274.225,288.572,345.559,2,0,0,306.47,0,7,7,5,6,6,1,3,2,6,2,2,4,,,,,,,,,,,,,,,,,,,,,43.062,43.062,43.429,1,3,6,3,2,1,2,"It seemed like very generic Russian propaganda that has been repeated. There's no evidence or information it's just the same basic arguments we've seen from them to delay ",5,2,7,1,1,2,Yes,"It's propagandistic in that there's no scrutiny into any of these blanket statements, they're just opinions started as fact and totally go unchallenged. ",1.077,148.541,150.189,11,Yes,No,Yes,Yes,Yes,Yes,Yes,No,1.076,148.54,150.188,11,,No,Nothing,Detractor,0,It didn't really do anything,
2025-07-29 19:40:20,2025-07-29 20:05:43,IP Address,92.236.111.55,100,1522,True,2025-07-29 20:05:44,R_2ouSZbRhIXbCOnF,,,,,52.4167,-1.9167,anonymous,EN,I agree and I want to participate,6658b1491e88ec15902d5301,Desktop,Other,English,25 to 44,Female,Master's degree,United Kingdom,"Craft & Related Trades Workers – hands-on skilled trades (e.g. carpenter, plumber, electrician)","Yes, I will",6,6,2,2,6,4,2,Several times a week,10,"traditional media (e.g. newspapers, TV news channels),online news websites,social media platforms (e.g. Facebook, Twitter, Telegram),news apps",,,,,,,,,,,,,,,,,,,,,,,,,,,,,,,,,,,,,,,,,,0,0,268.772,0,0,0,210.14,0,7,2,6,7,2,2,3,6,5,7,7,7,0,0,134.843,0,7,3,6,2,2,6,"I'm aware of the negotiations anyway in the news between the US, Ukraine, and Russia. I knew what opinion I would form regardless from the article.",5,2,7,5,1,4,Yes,"It's written in view of the Russian side/their diplomat, rather than a person who is not part of the conflict.",1.622,254.512,255.605,10,Yes,Yes,Yes,Yes,Yes,Yes,Yes,No,1.622,254.512,255.606,10,Can't think of anything although the tool did cut short my speech early? Not sure whether that was on purpose.,Yes,Good to look at articles in great depth; usually with other media I am scanning/skimming due to time constraints.,Promoter,9,N/A,
2025-07-29 20:07:21,2025-07-29 20:08:16,IP Address,172.56.186.132,100,54,True,2025-07-29 20:08:16,R_1nsryzu4uRIICUF,,,,,34.195,-118.445,anonymous,EN,I agree and I want to participate,63a0d718bbed03d92665039e,Desktop,Politics,English,,,,,,,,,,,,,,,,,,,,,,,,,,,,,,,,,,,,,,,,,,,,,,,,,,,,,,,,,,,,,,,,,,,,,,,,,,,,,,,,,,,,,,,,,,,,,,,,,,,,,,,,,,,,,,,,,,,,,,,
2025-07-29 20:11:02,2025-07-29 20:30:40,IP Address,73.1.105.7,100,1177,True,2025-07-29 20:30:40,R_3F49m9mBrSuSYie,,,,,26.517,-80.0841,anonymous,EN,I agree and I want to participate,5c7ead380ce9a10016fb5ebf,Desktop,Other,English,25 to 44,Male,Master's degree,United States,"Craft & Related Trades Workers – hands-on skilled trades (e.g. carpenter, plumber, electrician)","Yes, I will",5,6,4,5,6,7,4,Several times a week,11,"traditional media (e.g. newspapers, TV news channels),online news websites,social media platforms (e.g. Facebook, Twitter, Telegram),news apps",,,,,,,,,,,,,,,,,,,,,,1.186,1.186,59.697,1,0,0,548.362,0,6,4,5,2,5,7,4,6,4,5,6,3,,,,,,,,,,,,,,,,,,,,,46.004,46.004,46.295,1,7,4,5,5,3,6,"I felt this way because the article raised valid concerns about discrimination, but canceling all funding seemed extreme and possibly political, especially with legal cases still ongoing.",5,6,5,6,5,5,Yes,"Because addressing discrimination is important, but cutting all funding feels like an overreach. It risks punishing the whole institution instead of fixing specific problems.",1.113,24.699,50.833,11,No,No,Yes,Yes,Yes,Yes,Yes,Yes,1.113,24.699,50.833,11,"I’d suggest making the tool more balanced by offering targeted solutions rather than broad punishments. It should focus on correcting specific issues without harming unrelated programs or students.     ",Yes," The most helpful part was the clear explanation of the government’s actions and the reasons behind them, especially the focus on discrimination and campus safety concerns.",Passive,8,no,
2025-07-29 20:31:34,2025-07-29 20:55:49,IP Address,160.3.40.58,100,1454,True,2025-07-29 20:55:49,R_3gcPpuTQU0QR8HO,,,,,30.3557,-89.1655,anonymous,EN,I agree and I want to participate,6542c81d37666b59c34d1b65,Desktop,Other,English,18 to 24,Male,"Some college/university, no degree",United States,"Technicians & Associate Professionals – support roles requiring specialized training (e.g. lab technician, paralegal, IT support)","Yes, I will",5,5,3,2,5,5,3,Rarely,1,"online news websites,social media platforms (e.g. Facebook, Twitter, Telegram)",,0,0,220.37,0,0,0,612.998,0,5,2,2,7,5,5,1,4,7,4,5,3,,,,,,,,,,,,,,,,,,,,,,,,,,,,,,,,,,,,,,,,,0,0,101.994,0,6,3,5,3,5,5,I felt that way because I had to focus more on keeping my attention on the article. I had to avoid spontaneous thinking so I could focus on what was in front of me.,4,2,6,5,1,5,Yes,"There was alot of opinion statements and not much data to back anything up. ",1.018,89.994,90.92,11,Yes,No,Yes,Yes,Yes,Yes,Yes,No,1.018,89.994,90.92,11,The time for it to generate more ideas was very long. And infact it actually bugged for the final one and just kept thinking. After waiting for a few minutes and nothing new I moved on. The conversation seemed like they where stating the same thing over and over again anyway.,No,Not much honestly. It did not help me view the information in a different light at all.,Detractor,0,It bugged out at the end and was stuck thinking forever. So I was forced to move on.,
2025-07-29 20:57:24,2025-07-29 20:58:06,IP Address,99.172.73.184,100,42,True,2025-07-29 20:58:06,R_7stQzH6SAXkX6lu,,,,,25.6639,-80.4372,anonymous,EN,I agree and I want to participate,6024c18b094ac71dd93f4f5a,Desktop,Politics,English,,,,,,,,,,,,,,,,,,,,,,,,,,,,,,,,,,,,,,,,,,,,,,,,,,,,,,,,,,,,,,,,,,,,,,,,,,,,,,,,,,,,,,,,,,,,,,,,,,,,,,,,,,,,,,,,,,,,,,,
2025-07-29 20:58:27,2025-07-29 21:12:59,IP Address,174.115.151.71,100,871,True,2025-07-29 21:12:59,R_1sjltXt0p16bNn0,,,,,45.4512,-75.6033,anonymous,EN,I agree and I want to participate,65076318d067065e1257a025,Desktop,Other,English,18 to 24,Female,Associate degree,Canada,"Clerical Support Workers – office and admin tasks (e.g. receptionist, data entry clerk, office assistant)","Yes, I will",3,3,5,4,4,3,3,Rarely,9,"online news websites,social media platforms (e.g. Facebook, Twitter, Telegram)",,,,,,,,,,,,,,,,,,,,,,0,0,198.407,0,0,0,173.927,0,3,2,2,6,4,2,1,3,5,4,4,5,,,,,,,,,,,,,,,,,,,,,43.217,43.217,43.737,1,2,2,4,4,4,5,"My thoughts felt more deliberate as I tried to focus on the details, such as the Russian negotiations, and associate it with what I already know to come to an appropriate conclusion. ",1,3,4,3,3,3,Yes,"It seemed to push the narrative that Russia is simply defending itself and that Ukraine was at fault for prolonging the war. It was clear that an agenda was being pushed. ",1.15,71.804,73.642,11,Yes,No,No,Yes,Yes,No,Yes,No,1.15,71.805,73.642,11,None,Yes,It helped me pick out potentially false information,Detractor,5,No,
2025-07-29 21:20:39,2025-07-29 21:21:45,IP Address,37.228.205.98,100,65,True,2025-07-29 21:21:45,R_2kS8bVtyhmxMls7,,,,,53.2845,-6.3666,anonymous,EN,I agree and I want to participate,6697c2abd0e237bc061f44da,Desktop,Communication and/or Media,English,,,,,,,,,,,,,,,,,,,,,,,,,,,,,,,,,,,,,,,,,,,,,,,,,,,,,,,,,,,,,,,,,,,,,,,,,,,,,,,,,,,,,,,,,,,,,,,,,,,,,,,,,,,,,,,,,,,,,,,
2025-07-29 21:21:50,2025-07-29 21:59:43,IP Address,37.228.205.98,100,2273,True,2025-07-29 21:59:44,R_8FMiyE2dh15t369,,,,,53.2845,-6.3666,anonymous,EN,I agree and I want to participate,6697c2abd0e237bc061f44da,Desktop,Other,English,25 to 44,Male,Bachelor's degree,Ireland,"Managers – people who plan and direct the work of others (e.g. department head, project manager, store manager)","Yes, I will",3,3,5,5,4,4,3,Multiple times a day,9,online news websites,,0,0,196.46,0,0,0,1493.16,0,3,3,3,3,4,3,2,2,7,4,1,2,,,,,,,,,,,,,,,,,,,,,,,,,,,,,,,,,,,,,,,,,0,0,88.003,0,2,2,3,3,4,6,"I have heard of this before, so I have already formed my own views of this. I consider much of what the envoy says to be a false narrative in Russia's propoganda",6,5,5,5,4,5,,,21.991,54.239,55.369,8,Yes,No,Yes,Yes,Yes,Yes,Yes,No,21.991,54.24,55.369,8,To reply better to what I said rather than constant repetition,No,Nothing much really,Detractor,1,,
2025-07-29 22:10:51,2025-07-29 23:04:55,IP Address,213.137.81.240,100,3243,True,2025-07-29 23:04:55,R_2b2hwSmVcGUCbM9,,,,,51.5081,-0.1278,anonymous,EN,I agree and I want to participate,67503701c4ef8958767a58d9,Desktop,Other,English,18 to 24,Male,Bachelor's degree,United Kingdom,"Managers – people who plan and direct the work of others (e.g. department head, project manager, store manager)","Yes, I will",6,6,1,1,7,6,4,Several times a week,9,"traditional media (e.g. newspapers, TV news channels),online news websites,social media platforms (e.g. Facebook, Twitter, Telegram),news apps",,,,,,,,,,,,,,,,,,,,,,4.253,524.111,529.209,8,860.677,1083.244,1084.59,2,7,7,7,4,1,7,1,6,4,7,4,7,,,,,,,,,,,,,,,,,,,,,4.703,114.449,463.405,2,7,7,1,1,5,1,"My feeling and instict are more broading ",1,7,4,7,6,7,Yes,"Because there are some points which are not suppose to be mentioned ",0.013,175.847,177.77,15,Yes,No,No,Yes,Yes,Yes,Yes,Yes,0.013,175.848,177.77,15,"The response can be added some colors ",Yes,"The responsiveness and the transcribing ",Promoter,10,"An interesting study ",
2025-07-29 23:07:20,2025-07-29 23:41:33,IP Address,197.185.175.200,100,2053,True,2025-07-29 23:41:34,R_2E4MbAACeHz4GMD,,,,,-26.2309,28.0583,anonymous,EN,I agree and I want to participate,6752e1980dcfbca68df8455e,Desktop,Other,English,18 to 24,Male,Bachelor's degree,South Africa,"Technicians & Associate Professionals – support roles requiring specialized training (e.g. lab technician, paralegal, IT support)","Yes, I will",7,6,2,3,5,4,3,Several times a week,8,"traditional media (e.g. newspapers, TV news channels),online news websites,social media platforms (e.g. Facebook, Twitter, Telegram)",,,,,,,,,,,,,,,,,,,,,,,,,,,,,,,,,,,,,,,,,,0,0,16.602,0,0,0,467.55,0,5,6,4,5,6,6,5,6,5,6,6,6,0,0,2.951,0,5,3,3,4,4,4,some of the things i read were completely news to me never heard them before,6,5,4,5,6,5,,,3.643,121.313,123.139,16,Yes,No,Yes,Yes,Yes,Yes,Yes,No,3.642,121.312,123.138,16,its perfect,Yes,laterally everything,Promoter,10,no,
2025-07-29 23:42:42,2025-07-29 23:56:42,IP Address,74.141.235.197,100,840,True,2025-07-29 23:56:43,R_3PooT0P4qbRn834,,,,,40.144,-84.2383,anonymous,EN,I agree and I want to participate,67d2e16ee46d048c3884fba9,Desktop,Other,English,25 to 44,Male,"Some college/university, no degree",United States,"Craft & Related Trades Workers – hands-on skilled trades (e.g. carpenter, plumber, electrician)","Yes, I will",6,5,1,6,7,6,3,Rarely,1,"traditional media (e.g. newspapers, TV news channels)",,0,0,101.473,0,0,0,100.4,0,4,2,4,3,6,5,5,2,5,6,3,6,,,,,,,,,,,,,,,,,,,,,,,,,,,,,,,,,,,,,,,,,0,0,30,0,5,2,4,3,6,5,It felt boring that not being able to discuss it with the bot left me not remembering much,6,3,6,6,3,6,No,I didnt,13.601,99.413,100.2,42,No,No,No,Yes,Yes,No,No,Yes,13.6,99.413,100.201,42,None,Yes,It was clear n well written,Passive,8,None,
2025-07-29 23:57:37,2025-07-30 01:12:13,IP Address,64.118.241.199,100,4476,True,2025-07-30 01:12:14,R_7nkqycbF0UNw0ba,,,,,42.8568,-80.7294,anonymous,EN,I agree and I want to participate,61006c4ed38cdb96e2ef96f3,Desktop,Other,English,18 to 24,Female,Bachelor's degree,Canada,"Service & Sales Workers – customer-facing roles (e.g. retail salesperson, waiter/waitress, hairdresser)","Yes, I will",2,2,3,5,3,2,5,Once a week,10,"online news websites,social media platforms (e.g. Facebook, Twitter, Telegram)",,,,,,,,,,,,,,,,,,,,,,,,,,,,,,,,,,,,,,,,,,0,0,341.458,0,0,0,2775.899,0,6,1,6,7,6,5,1,4,6,5,6,3,0,0,55.629,0,3,4,7,3,3,4,"I feel as though the article was more focused so I could think more freely without having to think so hard to connect the dots within the article. But the article seemed very biased so I feel like my thoughts were being intentionally guided by the article with the language used and how it spoke about Zelensky and the situation  ",2,3,6,4,2,5,Yes,"Author very clearly has chosen a side and paints Zelensky in a negative light by saying he wants to continue this conflict because peaceful efforts would lead to an election which ""he fears the most"" and making it seem like he doesn't take this seriously as the country leader saying he is ""playing games"". It makes him seem like the bad guy and maybe he isn't completely innocent  but this article is very very one sided",1.746,442.582,443.939,33,Yes,No,Yes,Yes,Yes,Yes,Yes,No,1.746,442.582,443.939,33,"took a very very long time to generate a response ",Yes,"Helped me collect my thoughts and understand what the article was saying by making connections by going back and forth, causing me to reflect to be able to respond",Detractor,4,no,
2025-07-30 01:14:50,2025-07-30 02:47:47,IP Address,172.59.221.31,100,5576,True,2025-07-30 02:47:48,R_6SDKqh61zbS8B4a,,,,,35.3196,-80.7487,anonymous,EN,I agree and I want to participate,60bec2aeb32067ea868876ec,Desktop,Other,English,25 to 44,Female,"Some college/university, no degree",United States,"Clerical Support Workers – office and admin tasks (e.g. receptionist, data entry clerk, office assistant)","Yes, I will",5,6,1,3,7,6,3,Multiple times a day,8,"traditional media (e.g. newspapers, TV news channels),online news websites,social media platforms (e.g. Facebook, Twitter, Telegram),news apps",,,,,,,,,,,,,,,,,,,,,,31.464,31.464,608.108,1,0,0,3899.941,0,7,2,6,2,2,7,5,6,4,7,7,7,,,,,,,,,,,,,,,,,,,,,0,0,35.127,0,2,2,2,2,6,2,"I am intrigued by the subject of politics, but I am sometimes not in agreement with what the politicians are saying or how they respond to certain facts and data",1,2,1,5,3,5,Yes,"It seems biased, and it wants the readers to feel one way and one way only towards the facts being stated, whether they are true or not",10.931,80.643,81.843,11,Yes,No,Yes,No,No,Yes,Yes,No,10.932,80.643,81.843,11,Maybe a little faster to transcribe and respond to my responses,Yes,The responsiveness to my thoughts and being unbiased,Passive,7,,
2025-07-30 02:48:36,2025-07-30 03:15:57,IP Address,188.29.228.231,100,1641,True,2025-07-30 03:15:58,R_80odkHvBc4oZr3i,,,,,55.867,-4.2621,anonymous,EN,I agree and I want to participate,63039f41fa5c21d483996be2,Desktop,Other,English,25 to 44,Male,Bachelor's degree,United Kingdom,"Professionals – highly-skilled, degree-level work (e.g. doctor, lawyer, engineer, teacher, accountant)","Yes, I will",7,7,1,1,7,7,5,Several times a week,1,"traditional media (e.g. newspapers, TV news channels),social media platforms (e.g. Facebook, Twitter, Telegram),news apps",,0,0,310.4,0,0,0,620.172,0,6,1,7,2,1,5,5,6,7,7,4,7,,,,,,,,,,,,,,,,,,,,,,,,,,,,,,,,,,,,,,,,,0,0,75.948,0,2,2,1,1,5,4,I felt that there was not a lot of truth in the article,5,2,7,5,2,5,Yes,It is too heavily biased againsed zelensky,2.826,106.889,107.868,11,Yes,No,Yes,Yes,Yes,No,Yes,No,2.826,106.889,107.868,11,If it didn't repeat so much,Yes,The information that it gave me opened my mind a bit more,Passive,8,very good at understanding what i was saying,
2025-07-30 03:16:25,2025-07-30 04:41:29,IP Address,1.40.104.83,100,5104,True,2025-07-30 04:41:30,R_4KiNowQV2BWQKv5,,,,,-34.4268,150.8941,anonymous,EN,I agree and I want to participate,66460c47e103419718948296,Desktop,Other,English,18 to 24,Female,"Some college/university, no degree",United Kingdom,"Service & Sales Workers – customer-facing roles (e.g. retail salesperson, waiter/waitress, hairdresser)","Yes, I will",3,3,2,5,4,3,1,Once a week,7,"online news websites,social media platforms (e.g. Facebook, Twitter, Telegram)",,,,,,,,,,,,,,,,,,,,,,0,0,143.123,0,0,0,1482.854,0,5,3,3,2,6,3,2,2,6,3,2,5,,,,,,,,,,,,,,,,,,,,,0,0,26.266,0,4,3,5,6,3,3,"I hadnt really heard much about the topic before, so the thoughts i had came quickly, to me, as an onslaught rather than being able to digest it slowly like i may be able to on a re-read. However I havent ranked it at 1, because I think i was able to critically think about the article, as i went, rather than just thinking emotionally. ",2,4,5,3,3,3,Yes,"The article clealy has an agenda, and is making claims that are likely not true, the article is implying that the country who has been worst off in the war would want it to prolong, which just doesnt seem likely. I also generally do not trust articles that are so one sided.",1.42,158.749,159.172,11,Yes,No,Yes,Yes,Yes,Yes,Yes,No,1.421,158.749,159.172,11,"I feel like it could use a bit more neutral language, I still feel as though it was arguing that the article was right, and not using enough neutral language to imply that the article was making claims. It did this already but could do so to a further extent",No,"It was able to summarise what the article was claiming, which was helpful, and was able to pose questions that made me critically think about and engage with the information presented.",Detractor,3,N/A,
2025-07-30 04:45:50,2025-07-30 04:47:24,IP Address,47.135.185.220,100,93,True,2025-07-30 04:47:25,R_7Et0gHpSlYDdVJt,,,,,34.5251,-82.6307,anonymous,EN,I agree and I want to participate,67c585f8e60aec06bb2e7863,Desktop,Communication and/or Media,English,,,,,,,,,,,,,,,,,,,,,,,,,,,,,,,,,,,,,,,,,,,,,,,,,,,,,,,,,,,,,,,,,,,,,,,,,,,,,,,,,,,,,,,,,,,,,,,,,,,,,,,,,,,,,,,,,,,,,,,
2025-07-30 04:53:53,2025-07-30 05:23:42,IP Address,35.146.87.16,100,1788,True,2025-07-30 05:23:43,R_3QrgZz1coeZtJOz,,,,,32.9657,-96.8825,anonymous,EN,I agree and I want to participate,6202997def1cb18a1337c483,Desktop,Other,English,18 to 24,Female,Bachelor's degree,United States,"Professionals – highly-skilled, degree-level work (e.g. doctor, lawyer, engineer, teacher, accountant)","Yes, I will",4,6,2,3,5,5,1,Multiple times a day,8,"online news websites,social media platforms (e.g. Facebook, Twitter, Telegram)",,,,,,,,,,,,,,,,,,,,,,,,,,,,,,,,,,,,,,,,,,0,0,103.847,0,0,0,1138.391,0,3,3,5,4,2,2,2,4,3,5,6,4,27.35,27.35,35.256,1,4,3,2,2,2,6,"I've watched the Ukrainian president try to earn help from the US for a while now, letting my opinion be dictacted solely by this article and not history would be a grave oversight.",5,1,6,2,2,4,Yes,"There are no passages that paint Russia in any bad light despite Russia being known for bending the truth, while only showing Ukraine in a negative light (""They're simply playing games. For them, it's not a serious or meaningful negotiation"" and ""Zelensky doesn't want meaningful negotiations and only seeks to prolong the conflict"").",1.3,194.028,201.823,12,Yes,No,Yes,Yes,Yes,Yes,Yes,No,1.3,194.028,201.823,12,Make it push back against you a bit. It felt like I was chatting with a very agreeable brick wall.,No,I have no need for AI in this manner.,Detractor,0,,
2025-07-30 05:54:09,2025-07-30 06:32:04,IP Address,105.12.4.199,100,2274,True,2025-07-30 06:32:04,R_8JmCGusipoAZsmy,,,,,-26.1917,28.0523,anonymous,EN,I agree and I want to participate,5f7f07d317a72e01b1c57f27,Desktop,Other,English,25 to 44,Female,Bachelor's degree,South Africa,"Professionals – highly-skilled, degree-level work (e.g. doctor, lawyer, engineer, teacher, accountant)","Yes, I will",1,1,7,7,2,1,4,Once a day,10,online news websites,,,,,,,,,,,,,,,,,,,,,,,,,,,,,,,,,,,,,,,,,,0,0,759.387,0,852.241,852.664,854.983,2,7,7,7,7,1,2,5,4,4,6,2,7,0,0,55.583,0,7,7,1,1,3,3,I was very focused on the conversation and absorbing all the details,5,5,2,6,5,7,,,24.287,50.679,52.056,9,Yes,Yes,Yes,Yes,Yes,Yes,Yes,No,24.287,50.679,52.056,9,I liked it  a lot,Yes,that not all news contain the truth,Promoter,10,no,
2025-07-30 06:34:43,2025-07-30 07:14:33,IP Address,165.86.71.72,100,2390,True,2025-07-30 07:14:34,R_9MG4mGlPnqoppfH,,,,,-27.4417,153.0197,anonymous,EN,I agree and I want to participate,5c3c1728bc64440001349812,Desktop,Other,English,45 to 64,Male,Master's degree,,"Professionals – highly-skilled, degree-level work (e.g. doctor, lawyer, engineer, teacher, accountant)","Yes, I will",5,6,1,1,6,6,3,Multiple times a day,8,"online news websites,social media platforms (e.g. Facebook, Twitter, Telegram),news apps",,,,,,,,,,,,,,,,,,,,,,0,0,204.447,0,0,0,1434.834,0,6,3,6,6,6,6,1,1,7,2,1,3,,,,,,,,,,,,,,,,,,,,,0,0,69.34,0,6,2,6,6,5,6,Because I was reading the content and trying to evaluate whether I thought it was accurate and true or biased and trying to influence me personally and the public narrative.,4,2,7,2,1,3,Yes,Because I dont think the weaker party in a conflict has a good motivation to keep the conflict going.  Surely they want to negotiate for peace in a timely fashion to stop the conflict. If anyone is delaying it is likely the more powerful Russians,2.145,84.077,84.969,12,Yes,No,Yes,Yes,Yes,Yes,Yes,No,2.145,84.077,84.969,12,I thought it was really good but it came back to the same points over and over and made it a little boring after a bit.,Yes,"It made me think about how it used limited data and justification to extrapolate on ideas and make them sound real and justified. ",Passive,7,,
2025-07-30 07:15:30,2025-07-30 07:16:49,IP Address,50.145.45.51,100,78,True,2025-07-30 07:16:49,R_5oF23g9eCZ0UlJb,,,,,37.7797,-122.4159,anonymous,EN,I agree and I want to participate,6709a18c842035499e0f1353,Desktop,Communication and/or Media,English,,,,,,,,,,,,,,,,,,,,,,,,,,,,,,,,,,,,,,,,,,,,,,,,,,,,,,,,,,,,,,,,,,,,,,,,,,,,,,,,,,,,,,,,,,,,,,,,,,,,,,,,,,,,,,,,,,,,,,,
2025-07-30 07:18:04,2025-07-30 08:47:57,IP Address,50.145.45.51,100,5392,True,2025-07-30 08:47:58,R_1o10PfP0oRS5Va1,,,,,37.7797,-122.4159,anonymous,EN,I agree and I want to participate,6709a18c842035499e0f1353,Desktop,Other,English,25 to 44,Female,Master's degree,United States,"Managers – people who plan and direct the work of others (e.g. department head, project manager, store manager)","Yes, I will",7,7,1,1,6,7,5,Several times a week,7,"traditional media (e.g. newspapers, TV news channels),social media platforms (e.g. Facebook, Twitter, Telegram)",,0,0,494.552,0,0,0,1517.885,0,7,3,4,6,1,7,3,7,4,7,6,7,,,,,,,,,,,,,,,,,,,,,,,,,,,,,,,,,,,,,,,,,0,0,173.003,0,6,2,1,1,1,4,"While reading the article, I must admit that my feelings were a bit all over the place. I have some very big feelings when it comes to the contention between Russia and the rest of the world but for right now, I will just stick to the business between Russia and their Ukrainian neighbors. The war that has been transpiring between these two powerful forces could have and should have ended peacefully. The number of times when this idea was presented to President Putin it was immediately shot down. Also, say whatever you want about Vladimir Zelensky because it will do nothing to discredit his choice to stay in the middle of a national attack and fight alongside his people, for his home, his land of Ukraine. I am not a person who will so easily flip my support of a man who I believe with my whole heart and soul, is a modern day hero for the Ukrainian people. ",7,3,7,4,1,5,Yes,"Because it is presenting to the reader only one side of this coin. The article is a glowing and complimentary narrative that is highlighting the Russian leader's actions, choices, strategy, reasoning, and motivations. As a person who does have personal interest in politics, world trade, Forex, and                                                                                                                                                                                                                                                                                                                                                                                                                                                                                                   democracy for myself, my nation and hopefully sooner rather than later the rest of the freedom and peace loving world, I have no choice when I see this kind of information that has been taken and spun to confuse and throw people around with no consideration for what is true or what is right for the betterment of the future of the entire world. I am so damn sick of anybody who has the nerve to look at the world, in its entirety, and not see enough resources, space and compassion for all of us. I am over this one sided, dooms day, flat earth, dictatorship, GARBAGE.",2.973,1407.889,1409.363,28,Yes,No,Yes,Yes,Yes,Yes,Yes,No,2.974,1407.889,1409.363,28,"Nothing comes to my mind right away, it is very good.",Yes,I honestly do not know.,Detractor,3,no,
2025-07-30 09:04:04,2025-07-30 11:24:09,IP Address,102.215.76.98,100,8405,True,2025-07-30 11:24:10,R_2M58tNyQztayXHB,,,,,-1.2841,36.8155,anonymous,EN,I agree and I want to participate,665f1e20eb2820b3150aafb7,Desktop,Other,English,18 to 24,Male,Associate degree,Kenya,"Technicians & Associate Professionals – support roles requiring specialized training (e.g. lab technician, paralegal, IT support)","Yes, I will",6,6,2,1,7,6,6,Several times a week,8,"traditional media (e.g. newspapers, TV news channels),social media platforms (e.g. Facebook, Twitter, Telegram)",,,,,,,,,,,,,,,,,,,,,,578.261,578.261,1623.174,1,590.899,704.468,4865.562,2,7,7,7,7,7,7,5,6,4,5,5,7,,,,,,,,,,,,,,,,,,,,,0,0,11.529,0,7,7,7,7,7,7," I took my time to think about the important points it raised. The story is about serious issues like fairness in admissions, rules from the court and safety for students. It wasn’t something I just skimmed or reacted to quickly. For example, I thought carefully about what the court said and how the government is handling the situation. It needed clear thinking to understand what it all means for Harvard and its students.",3,5,4,6,5,6,No,"The article primarily reports facts but occasionally focuses heavily on government criticism without sufficient balance, which can give the impression of slight bias, although not outright propaganda.",62.579,630.266,632.655,11,Yes,No,Yes,Yes,Yes,Yes,Yes,No,62.579,630.266,632.652,11,N/A,Yes,"The tool clearly explained different ways propaganda shows up in news, like exaggeration which made it easier to recognise biased language and think critically about the information.",Promoter,9,N/A,
2025-07-30 11:17:12,2025-07-30 12:23:40,IP Address,105.245.100.251,100,3987,True,2025-07-30 12:23:41,R_8ptCEzwERsgxSbH,,,,,-25.757,28.1443,anonymous,EN,I agree and I want to participate,67221c54168b85024b1f7212,Desktop,Other,English,25 to 44,Male,Master's degree,South Africa,"Managers – people who plan and direct the work of others (e.g. department head, project manager, store manager)","Yes, I will",4,5,3,4,6,5,4,Multiple times a day,10,"online news websites,social media platforms (e.g. Facebook, Twitter, Telegram),news apps",,4.695,4.695,41.893,1,910.261,1363.508,1366.219,5,5,5,4,6,4,4,5,3,5,4,3,5,,,,,,,,,,,,,,,,,,,,,,,,,,,,,,,,,,,,,,,,,0,0,15.915,0,3,3,6,3,5,5,"It was interesting in reading news ",5,4,3,5,4,4,Yes,"Because all news are in one article ",63.182,259.014,261.123,18,Yes,Yes,Yes,Yes,No,No,Yes,Yes,63.182,259.014,261.122,18,"Nothing ",Yes,"Information is helpful ",Detractor,5,"No comments ",
2025-07-30 12:26:02,2025-07-30 12:28:32,IP Address,165.73.188.120,100,150,True,2025-07-30 12:28:33,R_8rDpnGjIV2AjvuK,,,,,-25.7862,31.0506,anonymous,EN,I agree and I want to participate,60670ac0fc7e169231369ab1,Desktop,Communication and/or Media,English,,,,,,,,,,,,,,,,,,,,,,,,,,,,,,,,,,,,,,,,,,,,,,,,,,,,,,,,,,,,,,,,,,,,,,,,,,,,,,,,,,,,,,,,,,,,,,,,,,,,,,,,,,,,,,,,,,,,,,,
2025-07-30 12:30:38,2025-07-30 12:31:28,IP Address,85.255.236.120,100,50,True,2025-07-30 12:31:29,R_25v98W3DUFDmGyU,,,,,51.4964,-0.1224,anonymous,EN,I agree and I want to participate,6719d46fdbfd7417400b9076,Desktop,Communication and/or Media,English,,,,,,,,,,,,,,,,,,,,,,,,,,,,,,,,,,,,,,,,,,,,,,,,,,,,,,,,,,,,,,,,,,,,,,,,,,,,,,,,,,,,,,,,,,,,,,,,,,,,,,,,,,,,,,,,,,,,,,,
2025-07-30 13:21:55,2025-07-30 13:52:07,IP Address,90.211.29.172,100,1811,True,2025-07-30 13:52:07,R_8I3ij1T6Vj1eppo,,,,,55.867,-4.3056,anonymous,EN,I agree and I want to participate,6616e90fd90e420b04c612ea,Desktop,Other,English,25 to 44,Male,Master's degree,United Kingdom,"Professionals – highly-skilled, degree-level work (e.g. doctor, lawyer, engineer, teacher, accountant)","Yes, I will",2,6,3,2,5,6,3,Multiple times a day,10,"traditional media (e.g. newspapers, TV news channels),online news websites,social media platforms (e.g. Facebook, Twitter, Telegram),news apps",,,,,,,,,,,,,,,,,,,,,,,,,,,,,,,,,,,,,,,,,,0,0,286.535,0,0,0,980.229,0,6,1,5,6,2,6,5,6,3,5,7,6,0,0,100.572,0,2,6,2,2,4,6,"The article was shorter. It focussed on a few details only and did not go into depth at all really. My thoughts were deliberate, in that I could predict what was going to happen in the article and the voice. ",5,6,3,5,5,6,Yes,"The voice seems like propaganda. Accusing Zelensky of not holding elections so he can keep power. It feels almost pro-Russian. The final sentence seems to favour Russia over Ukraine, and gives Russia the final voice in the argument. ",1.097,129.477,131.746,11,Yes,Yes,No,Yes,Yes,No,No,Yes,1.097,129.477,131.746,11,"None. ",Yes,It was clear and easy to see.,Detractor,5,none,
2025-07-30 14:02:15,2025-07-30 14:50:59,IP Address,5.151.98.234,100,2923,True,2025-07-30 14:50:59,R_8pEHnJDmGCsCRFO,,,,,53.4916,-2.3009,anonymous,EN,I agree and I want to participate,677bf069c64e31606c2bd260,Desktop,Other,English,18 to 24,Male,Bachelor's degree,,"Professionals – highly-skilled, degree-level work (e.g. doctor, lawyer, engineer, teacher, accountant)","Yes, I will",4,5,3,4,6,5,4,Once a day,7,"traditional media (e.g. newspapers, TV news channels),online news websites",,,,,,,,,,,,,,,,,,,,,,,,,,,,,,,,,,,,,,,,,,0,0,381.237,0,2105.425,2105.425,2106.068,1,7,1,6,2,2,2,6,6,4,6,6,6,0,0,77.484,0,7,1,1,1,1,1,"there was a lot of information about the topic so it was easy for my mind to wander ",6,6,4,6,4,5,No,i don't think it is because its just stating what the world leaders themselves has stated,1.435,75.162,77.42,13,No,No,No,No,No,No,No,No,1.435,75.162,77.42,13,it took ages to reply,No,it was insightful,Detractor,5,,
2025-07-30 14:57:08,2025-07-30 15:03:03,IP Address,90.248.149.69,100,355,True,2025-07-30 15:03:04,R_8FPQk9ejeBQjWsx,,,,,50.7654,-1.9063,anonymous,EN,I agree and I want to participate,680c1a5619162df5552417a1,Desktop,Communication and/or Media,English,,,,,,,,,,,,,,,,,,,,,,,,,,,,,,,,,,,,,,,,,,,,,,,,,,,,,,,,,,,,,,,,,,,,,,,,,,,,,,,,,,,,,,,,,,,,,,,,,,,,,,,,,,,,,,,,,,,,,,,
2025-07-30 15:03:10,2025-07-30 15:03:30,IP Address,90.248.149.69,100,20,True,2025-07-30 15:03:31,R_8yfmZzEofOlTTlO,,,,,50.7654,-1.9063,anonymous,EN,I agree and I want to participate,680c1a5619162df5552417a1,Desktop,Politics,English,,,,,,,,,,,,,,,,,,,,,,,,,,,,,,,,,,,,,,,,,,,,,,,,,,,,,,,,,,,,,,,,,,,,,,,,,,,,,,,,,,,,,,,,,,,,,,,,,,,,,,,,,,,,,,,,,,,,,,,
2025-07-30 15:03:38,2025-07-30 15:49:40,IP Address,90.248.149.69,100,2761,True,2025-07-30 15:49:41,R_2EWJVDLtq7uqbFa,,,,,50.7654,-1.9063,anonymous,EN,I agree and I want to participate,680c1a5619162df5552417a1,Desktop,Other,English,25 to 44,Male,Bachelor's degree,United Kingdom,"Professionals – highly-skilled, degree-level work (e.g. doctor, lawyer, engineer, teacher, accountant)","Yes, I will",6,7,2,2,6,6,6,Once a day,9,"traditional media (e.g. newspapers, TV news channels),online news websites,social media platforms (e.g. Facebook, Twitter, Telegram),news apps",,,,,,,,,,,,,,,,,,,,,,4.447,191.765,265.914,6,729.108,1219.046,1327.246,2,6,6,3,3,3,2,6,7,3,7,7,7,,,,,,,,,,,,,,,,,,,,,37.837,48.632,53.826,2,7,7,1,1,6,6,"My thoughts felt more deliberate while reading the article because the claims made by the Russian diplomat seemed strategic and politically motivated, prompting me to think critically about the source and intent.",5,6,2,7,5,7,Yes,"The article feels propagandistic because it only presents Russia’s viewpoint, mainly through the statements of a Russian diplomat, without offering Ukraine’s side or independent analysis. It also uses emotionally charged language like “playing games” and suggests Zelensky fears elections, framing him as selfish and manipulative.",6.283,159.457,167.511,19,Yes,No,Yes,Yes,Yes,Yes,Yes,No,6.283,159.457,167.511,19,,Yes,"I found the tool most helpful in clearly presenting quotes alongside the question of whether they contain propagandistic elements. ",Promoter,10,No other comments.,
2025-07-30 15:56:50,2025-07-30 16:17:59,IP Address,2.120.221.224,100,1269,True,2025-07-30 16:18:00,R_8MyS893wDHkto9U,,,,,51.6013,-0.2636,anonymous,EN,I agree and I want to participate,67059d99d1093140330a3926,Desktop,Communication and/or Media,English,,,,,,,,,,,,,,,,,,,,,,,,,,,,,,,,,,,,,,,,,,,,,,,,,,,,,,,,,,,,,,,,,,,,,,,,,,,,,,,,,,,,,,,,,,,,,,,,,,,,,,,,,,,,,,,,,,,,,,,
2025-07-30 16:18:05,2025-07-30 16:18:21,IP Address,2.120.221.224,100,16,True,2025-07-30 16:18:21,R_2qUOT9asNIdy6Ec,,,,,51.6013,-0.2636,anonymous,EN,I agree and I want to participate,67059d99d1093140330a3926,Desktop,Politics,English,,,,,,,,,,,,,,,,,,,,,,,,,,,,,,,,,,,,,,,,,,,,,,,,,,,,,,,,,,,,,,,,,,,,,,,,,,,,,,,,,,,,,,,,,,,,,,,,,,,,,,,,,,,,,,,,,,,,,,,
2025-07-30 16:19:46,2025-07-30 16:21:09,IP Address,88.97.161.147,100,83,True,2025-07-30 16:21:09,R_8fItxbs1nR8oinH,,,,,53.7457,-2.477,anonymous,EN,I agree and I want to participate,601613df7f813c77ee40fe40,Desktop,Politics,English,,,,,,,,,,,,,,,,,,,,,,,,,,,,,,,,,,,,,,,,,,,,,,,,,,,,,,,,,,,,,,,,,,,,,,,,,,,,,,,,,,,,,,,,,,,,,,,,,,,,,,,,,,,,,,,,,,,,,,,
2025-07-30 16:21:16,2025-07-30 16:27:59,IP Address,88.97.161.147,100,403,True,2025-07-30 16:28:00,R_8eOw6RXjEfmBI6L,,,,,53.7457,-2.477,anonymous,EN,I agree and I want to participate,601613df7f813c77ee40fe40,Desktop,Other,English,18 to 24,Male,"Some college/university, no degree",United Kingdom,"Service & Sales Workers – customer-facing roles (e.g. retail salesperson, waiter/waitress, hairdresser)","Yes, I will",5,4,4,6,2,4,4,Rarely,7,online news websites,,28.788,28.788,94.782,1,0,0,65.08,0,5,4,4,4,4,4,2,3,3,4,4,3,,,,,,,,,,,,,,,,,,,,,,,,,,,,,,,,,,,,,,,,,0,0,39.645,0,6,3,6,6,4,5,"i feel like from what i hear in the western society, it counterracts what im reading here and makes me think whether everything i hear is true. ",2,3,1,2,2,3,,,29.671,34.779,36.573,10,No,No,Yes,No,No,Yes,Yes,No,29.671,34.78,36.573,10,im not sure,Yes,it explained things from what i heard,Detractor,5,no,
2025-07-30 17:56:57,2025-07-30 17:57:26,IP Address,147.161.236.80,100,29,True,2025-07-30 17:57:27,R_8tn778c4ZnzK5xi,,,,,53.4809,-2.2374,anonymous,EN,I agree and I want to participate,5c5ab384e7f42600017cdc27,Desktop,Communication and/or Media,English,,,,,,,,,,,,,,,,,,,,,,,,,,,,,,,,,,,,,,,,,,,,,,,,,,,,,,,,,,,,,,,,,,,,,,,,,,,,,,,,,,,,,,,,,,,,,,,,,,,,,,,,,,,,,,,,,,,,,,,
2025-07-30 17:57:41,2025-07-30 18:21:57,IP Address,147.161.236.80,100,1456,True,2025-07-30 18:21:58,R_2CJSElC1VvBihZT,,,,,53.4809,-2.2374,anonymous,EN,I agree and I want to participate,5c5ab384e7f42600017cdc27,Desktop,Other,English,45 to 64,Female,Associate degree,United Kingdom,"Professionals – highly-skilled, degree-level work (e.g. doctor, lawyer, engineer, teacher, accountant)","Yes, I will",5,5,3,4,4,4,2,Several times a week,7,online news websites,,,,,,,,,,,,,,,,,,,,,,6.933,86.829,91.443,12,132.971,925.861,927.104,3,7,5,6,3,1,6,2,2,6,4,5,2,,,,,,,,,,,,,,,,,,,,,19.152,23.63,25.76,2,4,3,5,4,5,2,"I didn't sit and think about the article for long. My brain compared the information against what I already knew, and updated it as I read.",2,2,7,3,1,3,Yes,It has a clear agenda against Zelensky and Ukraine. It doesn't offer right to reply to Zelensky in these allegations.,1.925,91.629,92.907,15,Yes,No,Yes,Yes,Yes,No,Yes,No,1.925,91.629,92.907,15,To be able to offer statistics to back up its reasoning,Yes,nothing,Detractor,5,,
2025-07-30 18:22:49,2025-07-30 18:25:03,IP Address,188.30.87.24,100,134,True,2025-07-30 18:25:04,R_2aW5qry0sr7SQdM,,,,,51.4623,-2.5502,anonymous,EN,I agree and I want to participate,665214d04d7502a484167882,Desktop,Communication and/or Media,English,,,,,,,,,,,,,,,,,,,,,,,,,,,,,,,,,,,,,,,,,,,,,,,,,,,,,,,,,,,,,,,,,,,,,,,,,,,,,,,,,,,,,,,,,,,,,,,,,,,,,,,,,,,,,,,,,,,,,,,
2025-07-30 18:25:44,2025-07-30 18:27:07,IP Address,188.30.87.24,100,83,True,2025-07-30 18:27:08,R_2MaBd5SbG7uNXtD,,,,,51.4623,-2.5502,anonymous,EN,I agree and I want to participate,665214d04d7502a484167882,Desktop,Politics,English,,,,,,,,,,,,,,,,,,,,,,,,,,,,,,,,,,,,,,,,,,,,,,,,,,,,,,,,,,,,,,,,,,,,,,,,,,,,,,,,,,,,,,,,,,,,,,,,,,,,,,,,,,,,,,,,,,,,,,,
2025-07-30 18:27:20,2025-07-30 19:36:34,IP Address,92.40.204.170,100,4154,True,2025-07-30 19:36:35,R_2UGyPGHeL7v7PBT,,,,,51.4623,-2.5502,anonymous,EN,I agree and I want to participate,665214d04d7502a484167882,Desktop,Other,English,25 to 44,Male,Bachelor's degree,United Kingdom,"Technicians & Associate Professionals – support roles requiring specialized training (e.g. lab technician, paralegal, IT support)","Yes, I will",4,5,1,1,5,5,4,Several times a week,9,"online news websites,social media platforms (e.g. Facebook, Twitter, Telegram),news apps",,0,0,404.274,0,0,0,2930.744,0,4,3,3,4,4,5,2,4,2,5,6,6,,,,,,,,,,,,,,,,,,,,,,,,,,,,,,,,,,,,,,,,,0,0,82.584,0,4,3,5,5,5,3,"I felt this way because i actually agrred to both articles, and having a conversational analysis witht the bot concerning the first article made me have a deeper thought on the article than the second one.",3,5,2,6,5,6,No,Because i consider the article true,16.494,50.085,51.147,10,No,No,No,No,No,No,No,No,16.494,50.086,51.147,10,satisfied with the interactions had with it,Yes,the way it analysed the article and my response to make its statement,Promoter,9,None,
2025-07-30 21:14:15,2025-07-30 21:45:17,IP Address,23.241.48.83,100,1862,True,2025-07-30 21:45:18,R_7EuSMWmL6nC0c6E,,,,,33.8419,-117.6043,anonymous,EN,I agree and I want to participate,6636db94fa3ed150c2d78447,Desktop,Other,English,25 to 44,Male,"Some college/university, no degree",United States,"Service & Sales Workers – customer-facing roles (e.g. retail salesperson, waiter/waitress, hairdresser)","Yes, I will",3,2,4,3,4,4,5,Once a week,7,"online news websites,social media platforms (e.g. Facebook, Twitter, Telegram)",,0,0,121.269,0,0,0,869.25,0,6,5,5,4,5,5,6,4,7,5,4,6,,,,,,,,,,,,,,,,,,,,,,,,,,,,,,,,,,,,,,,,,0,0,24.277,0,5,4,4,6,6,6,cause I read slowly and was looking for propagands,4,4,7,5,5,4,Yes,because it only show russias side then used super charged language to discredit zelinski and downplay their ow actions.,1.567,108.498,109.172,13,Yes,No,Yes,Yes,Yes,Yes,Yes,No,1.567,108.498,109.172,13,should be more blunt and less wordy. maybe faster if possible,Yes,it felt like talking to a person,Detractor,4,"no. thanks for opportunity ",
2025-07-30 21:46:57,2025-07-30 21:47:50,IP Address,40.142.133.207,100,52,True,2025-07-30 21:47:50,R_7fxkDElfjvUImx3,,,,,40.5899,-98.3914,anonymous,EN,I agree and I want to participate,652d8a4cd08c6435db58fd9b,Desktop,Communication and/or Media,English,,,,,,,,,,,,,,,,,,,,,,,,,,,,,,,,,,,,,,,,,,,,,,,,,,,,,,,,,,,,,,,,,,,,,,,,,,,,,,,,,,,,,,,,,,,,,,,,,,,,,,,,,,,,,,,,,,,,,,,
2025-07-30 21:48:02,2025-07-30 22:15:45,IP Address,40.142.133.207,100,1663,True,2025-07-30 22:15:46,R_3QDlVCrik71EAe5,,,,,40.5899,-98.3914,anonymous,EN,I agree and I want to participate,652d8a4cd08c6435db58fd9b,Desktop,Other,English,25 to 44,Female,"Some college/university, no degree",,"Service & Sales Workers – customer-facing roles (e.g. retail salesperson, waiter/waitress, hairdresser)","Yes, I will",6,7,1,1,6,6,3,Multiple times a day,7,"traditional media (e.g. newspapers, TV news channels),online news websites,social media platforms (e.g. Facebook, Twitter, Telegram),news apps",,,,,,,,,,,,,,,,,,,,,,,,,,,,,,,,,,,,,,,,,,8.418,253.255,255.093,4,0,0,843.36,0,6,6,6,4,2,6,2,6,4,7,7,7,0,0,56.585,0,6,2,2,2,5,6,I felt my thoughts were more deliberate simply because I know that most of the information in the article are not true.,6,1,7,1,1,1,Yes,I believe it was not true at all. I know this because I have followed the war in Ukraine and seen how Zelensky wants it to end.,2.065,89.242,90.045,11,Yes,Yes,Yes,Yes,Yes,Yes,Yes,No,2.065,89.242,90.045,11,"I found the tool to be very interesting and insightful. I think it is a great way to summarize an article and to help point out what could and could not be helpful in situations. ",Yes,"I like how it reiterated each detail, sometimes rewording it but still making the same valid point.",Promoter,10,I very much enjoyed this survey. It was engaging and educational.,
2025-07-27 11:52:55,2025-07-27 11:55:35,IP Address,82.30.90.220,3,160,False,2025-08-03 11:55:37,R_2dSDnnLj5U0ztJ0,,,,,52.9538,-1.1571,anonymous,EN,I agree and I want to participate,,,,,,,,,,,,,,,,,,,,,,,,,,,,,,,,,,,,,,,,,,,,,,,,,,,,,,,,,,,,,,,,,,,,,,,,,,,,,,,,,,,,,,,,,,,,,,,,,,,,,,,,,,,,,,,,,,,,,,,,,,,
2025-07-27 11:59:39,2025-07-27 12:02:24,IP Address,152.110.154.163,18,164,False,2025-08-03 12:02:33,R_8LjnCLIm9qMJbdg,,,,,-33.9258,18.4259,anonymous,EN,I agree and I want to participate,5f4cc45ee974b18dbf4a503d,Desktop,Other,English,25 to 44,Male,"Some college/university, no degree",South Africa,"Service & Sales Workers – customer-facing roles (e.g. retail salesperson, waiter/waitress, hairdresser)","Yes, I will",6,5,2,2,6,6,,,,,,,,,,,,,,,,,,,,,,,,,,,,,,,,,,,,,,,,,,,,,,,,,,,,,,,,,,,,,,,,,,,,,,,,,,,,,,,,,,,,,,,,,,,,,,,,,,,,,,,,,,,
2025-07-27 11:53:54,2025-07-27 12:13:20,IP Address,82.43.90.230,56,1165,False,2025-08-03 12:13:22,R_8wKzc3mwBiCquci,,,,,55.8162,-4.0159,anonymous,EN,I agree and I want to participate,5d52e15363bdb100010883f1,Desktop,Other,English,65 and over,Male,"Some college/university, no degree",United Kingdom,"Managers – people who plan and direct the work of others (e.g. department head, project manager, store manager)","Yes, I will",3,3,6,5,3,3,5,Once a day,8,"traditional media (e.g. newspapers, TV news channels),online news websites",,,,,,,,,,,,,,,,,,,,,,,,,,,,,,,,,,,,,,,,,,,,,,,,,,,,,,,,,,,,,,,,,,,,,,,,,,,,,,,,,,,,,,,,,,,,,,,,,,,,,,,
2025-08-03 11:12:00,2025-08-03 12:17:38,IP Address,188.30.159.72,100,3938,True,2025-08-03 12:17:39,R_8G9XR3FU6OnWiXv,,,,,52.283,-0.8462,anonymous,EN,I agree and I want to participate,6739c63518b4df234536f2d7,Desktop,Other,English,25 to 44,Female,Master's degree,United Kingdom,"Managers – people who plan and direct the work of others (e.g. department head, project manager, store manager)","Yes, I will",6,6,6,2,6,2,2,Once a day,10,"traditional media (e.g. newspapers, TV news channels),online news websites,social media platforms (e.g. Facebook, Twitter, Telegram),news apps",,,,,,,,,,,,,,,,,,,,,,569.416,599.726,600.818,10,1253.009,1253.009,1255.654,1,2,5,6,4,6,5,5,6,5,7,7,7,,,,,,,,,,,,,,,,,,,,,57.831,439.515,440.922,3,4,5,4,5,3,5,"Because I was not familiar with the story in the article. ",2,5,5,6,5,6,,,12.106,70.718,72.071,10,Yes,No,Yes,Yes,Yes,Yes,Yes,No,12.207,70.718,72.071,10,N/A,Yes,Going through the article bit by bit and analysing it discussing and raising questions.,Promoter,10,N/A,
2025-07-27 12:50:06,2025-07-27 12:57:49,IP Address,91.219.212.90,58,463,False,2025-08-03 12:57:50,R_22Kc951wrDTeXcB,,,,,51.5064,-0.02,anonymous,EN,I agree and I want to participate,664413a1fae91cf971a208f7,Desktop,Other,English,25 to 44,Female,Master's degree,United States,"Professionals – highly-skilled, degree-level work (e.g. doctor, lawyer, engineer, teacher, accountant)","Yes, I will",3,5,3,3,6,6,6,Multiple times a day,7,"traditional media (e.g. newspapers, TV news channels),social media platforms (e.g. Facebook, Twitter, Telegram)",,2.263,2.263,182.849,1,,,,,,,,,,,,,,,,,,,,,,,,,,,,,,,,,,,,,,,,,,,,,,,,,,,,,,,,,,,,,,,,,,,,,,,,,,,,,,,,,,,,,,,,,,,,,,,,,,
2025-07-27 12:10:01,2025-07-27 13:00:33,IP Address,223.29.141.70,56,3032,False,2025-08-03 13:00:36,R_1lMw88VcNHjg5ZD,,,,,37.751,-97.822,anonymous,EN,I agree and I want to participate,664413a1fae91cf971a208f7,Desktop,Other,English,25 to 44,Female,Bachelor's degree,United States,"Professionals – highly-skilled, degree-level work (e.g. doctor, lawyer, engineer, teacher, accountant)","Yes, I will",2,3,3,3,6,6,6,Multiple times a day,7,"traditional media (e.g. newspapers, TV news channels),social media platforms (e.g. Facebook, Twitter, Telegram)",,,,,,,,,,,,,,,,,,,,,,,,,,,,,,,,,,,,,,,,,,,,,,,,,,,,,,,,,,,,,,,,,,,,,,,,,,,,,,,,,,,,,,,,,,,,,,,,,,,,,,,
2025-08-03 12:18:37,2025-08-03 13:10:49,IP Address,188.30.159.72,100,3131,True,2025-08-03 13:10:49,R_2FLZQOCRBCNUhC8,,,,,52.283,-0.8462,anonymous,EN,I agree and I want to participate,6759faea38faca8e359a5f99,Desktop,Other,English,18 to 24,Female,Bachelor's degree,United Kingdom,"Professionals – highly-skilled, degree-level work (e.g. doctor, lawyer, engineer, teacher, accountant)","Yes, I will",6,5,5,3,6,5,3,Several times a week,11,"traditional media (e.g. newspapers, TV news channels),online news websites,social media platforms (e.g. Facebook, Twitter, Telegram),news apps",,248.956,261.392,265.741,2,1802.91,1805.606,1806.335,3,6,6,6,6,5,6,1,6,3,7,5,5,,,,,,,,,,,,,,,,,,,,,,,,,,,,,,,,,,,,,,,,,280.205,280.205,282.204,1,6,6,7,6,6,6,Spontaneous because I was discovering new things as I read.,1,5,6,5,4,5,Yes,Because there is a lot ofpropganda material in the article.,2.955,61.149,62.566,13,Yes,No,Yes,No,Yes,Yes,Yes,No,2.955,61.148,62.565,13,,Yes,The fact that the tool analysis the facts i the article and makes comments and also asks for feedback.,Promoter,10,N/A,
2025-07-27 13:01:10,2025-07-27 13:52:59,IP Address,41.122.153.251,59,3109,False,2025-08-03 13:53:03,R_2lmEQ4B9xi5KENA,,,,,-26.2309,28.0583,anonymous,EN,I agree and I want to participate,6766b0cd1232a844949fcc50,Desktop,Other,English,45 to 64,Female,Doctorate degree,South Africa,"Technicians & Associate Professionals – support roles requiring specialized training (e.g. lab technician, paralegal, IT support)","Yes, I will",6,7,1,1,7,7,4,Rarely,9,"traditional media (e.g. newspapers, TV news channels),social media platforms (e.g. Facebook, Twitter, Telegram)",,,,,,,,,,,,,,,,,,,,,,,,,,,,,,,,,,,,,,,,,,140.47,141.326,547.979,2,,,,,,,,,,,,,,,,,,,,,,,,,,,,,,,,,,,,,,,,,,,,,,,,,,,,,,,,,,
2025-07-27 13:51:35,2025-07-27 14:06:37,IP Address,84.55.13.224,59,901,False,2025-08-03 14:06:38,R_8OqPuZvlmN3J8MT,,,,,53.4809,-2.2374,anonymous,EN,I agree and I want to participate,67e0870d582edce0a2764d1f,Desktop,Other,English,25 to 44,Male,Bachelor's degree,United Kingdom,"Professionals – highly-skilled, degree-level work (e.g. doctor, lawyer, engineer, teacher, accountant)","Yes, I will",5,5,2,4,5,5,1,Several times a week,10,"online news websites,social media platforms (e.g. Facebook, Twitter, Telegram),news apps",,0,0,412.6,0,,,,,,,,,,,,,,,,,,,,,,,,,,,,,,,,,,,,,,,,,,,,,,,,,,,,,,,,,,,,,,,,,,,,,,,,,,,,,,,,,,,,,,,,,,,,,,,,,,
2025-08-03 13:12:05,2025-08-03 14:13:19,IP Address,162.120.135.124,100,3674,True,2025-08-03 14:13:21,R_7b7pAbTCNHxIgbn,,,,,45.3879,-71.8988,anonymous,EN,I agree and I want to participate,67ddaa18d3c904baf99a859e,Desktop,Other,English,18 to 24,Male,Bachelor's degree,Canada,"Professionals – highly-skilled, degree-level work (e.g. doctor, lawyer, engineer, teacher, accountant)","Yes, I will",7,7,1,1,7,7,1,Multiple times a day,9,"online news websites,social media platforms (e.g. Facebook, Twitter, Telegram),news apps",,,,,,,,,,,,,,,,,,,,,,,,,,,,,,,,,,,,,,,,,,694.911,1373.506,1375.244,3,0,0,1473.523,0,7,7,7,7,1,7,1,5,3,7,5,7,0,0,99.804,0,1,7,7,1,6,7,I would say it was because the points in the article kept justifying my impression of the topic on ground.,5,4,6,6,2,7,Yes,The story seems to be favoring one side which I find a bit bias.,1.352,95.871,97.099,15,Yes,Yes,Yes,Yes,Yes,No,Yes,No,1.352,95.871,97.099,15,It should be improved to transcribe human responses faster.,Yes,The clarity in it's analysis.,Promoter,10,None,
2025-08-03 14:16:03,2025-08-03 14:36:37,IP Address,125.198.192.30,100,1233,True,2025-08-03 14:36:38,R_4n3oOYRSC12IIEh,,,,,32.7959,130.7065,anonymous,EN,I agree and I want to participate,65a9c72ddad19e4462373fbd,Desktop,Other,English,25 to 44,Male,"Some college/university, no degree",Japan,"Technicians & Associate Professionals – support roles requiring specialized training (e.g. lab technician, paralegal, IT support)","Yes, I will",2,4,2,4,5,4,2,Several times a week,9,"online news websites,social media platforms (e.g. Facebook, Twitter, Telegram),news apps",,0,0,309.795,0,0,0,166.457,0,6,3,5,6,4,6,2,3,6,5,4,5,,,,,,,,,,,,,,,,,,,,,,,,,,,,,,,,,,,,,,,,,0,0,111.115,0,5,6,2,6,5,3,"I already had an idea of the situation and how I feel about it. I was skeptical of the source, being from Russia as well. The information was interesting though still, so my thoughts were more spontaneous.",5,4,6,5,3,5,Yes,Because it's just coming from a Russian diplomat and is very pro Russia sounding.,3.429,73.243,74.282,10,Yes,Yes,Yes,Yes,Yes,Yes,Yes,No,3.429,73.244,74.282,10,"I don't need it read aloud to me, I'm fine with just reading the information.",Yes,"See propaganda from sides I don't normally see. ",Detractor,3,"I'm not sure how well the voice part worked. ",
2025-08-03 14:37:35,2025-08-03 15:30:12,IP Address,82.132.244.200,100,3157,True,2025-08-03 15:30:12,R_2ejZPd5e9EHIWtF,,,,,52.4867,-1.8989,anonymous,EN,I agree and I want to participate,6711776eb69ec0c9193c271f,Desktop,Other,English,18 to 24,Male,Bachelor's degree,United Kingdom,"Professionals – highly-skilled, degree-level work (e.g. doctor, lawyer, engineer, teacher, accountant)","Yes, I will",5,5,3,3,5,5,4,Once a month,9,"traditional media (e.g. newspapers, TV news channels),online news websites,social media platforms (e.g. Facebook, Twitter, Telegram)",,,,,,,,,,,,,,,,,,,,,,553.229,553.229,553.835,1,0,0,1468.828,0,5,6,6,5,4,6,2,3,5,6,4,5,,,,,,,,,,,,,,,,,,,,,0,0,130.32,0,3,3,4,5,3,5,"Because the article explained a serious matter right now in news around the world which makes me think of this situation more deliberately to judge if the article is stating true facts or biased to one side. As the sources of the article was unknown, there is a chance that the author might be biased to one side in this situation. There are also facts that I am not sure if it is truthful or not as I have not heard and seen them before in any news outlet, therefore I was deliberate in my thinking and taking in the information in this article with a pinch of salt 
",4,3,6,5,3,4,Yes,"Because they are focusing on the political issue in Ukraine when Russia is trying to negotiate, stating that Kiev is not interested in resolving the conflict but Ukraine was invaded in the first place. And stated that Zelensky was trying to prolonged the war due to him not wanting to call new elections which could be true but I have not anything on this statement in any news outlet. ",1.185,308.382,309.682,14,Yes,No,Yes,Yes,Yes,No,Yes,No,1.185,308.382,309.682,14,Allow users to edit the transcript of voice recording to correct any mistakes,Yes,"Different insight and ideas on the topic we discussed ",Detractor,6,,
2025-08-03 15:31:52,2025-08-03 15:32:33,IP Address,188.28.41.251,100,41,True,2025-08-03 15:32:34,R_2lxJDvrFRHkbUs1,,,,,51.5538,-0.3102,anonymous,EN,I agree and I want to participate,6659f7990f2ff742156dccba,Desktop,Communication and/or Media,English,,,,,,,,,,,,,,,,,,,,,,,,,,,,,,,,,,,,,,,,,,,,,,,,,,,,,,,,,,,,,,,,,,,,,,,,,,,,,,,,,,,,,,,,,,,,,,,,,,,,,,,,,,,,,,,,,,,,,,,
2025-08-03 15:33:14,2025-08-03 16:01:49,IP Address,47.20.229.142,100,1714,True,2025-08-03 16:01:49,R_51dqlZXOnBPD2H7,,,,,40.9673,-73.8418,anonymous,EN,I agree and I want to participate,66324535fc1d7a68f0e2bdbb,Desktop,Other,English,45 to 64,Male,Bachelor's degree,United States,"Professionals – highly-skilled, degree-level work (e.g. doctor, lawyer, engineer, teacher, accountant)","Yes, I will",5,5,2,2,5,5,2,Multiple times a day,10,"traditional media (e.g. newspapers, TV news channels),online news websites,social media platforms (e.g. Facebook, Twitter, Telegram)",,,,,,,,,,,,,,,,,,,,,,,,,,,,,,,,,,,,,,,,,,373.213,373.213,396.706,1,0,0,445.892,0,7,2,6,7,2,2,4,6,7,7,6,7,0,0,151.536,0,5,2,2,2,1,5,"I was applying facts and evidence regarding the whole situation in order to critically think about the information provided. ",5,6,7,7,5,6,Yes,"The article only presented a Russian perspective by quoting Polyansky.  There were no rebuttals to the information provided by Polanskky, only information that can be viewed as evidence to his statements. ",7.81,111.905,112.789,11,Yes,No,Yes,Yes,Yes,Yes,Yes,No,7.81,111.905,112.789,11,none,Yes,"How evident bias can be when looking for it. ",Promoter,10,no,
2025-08-03 16:02:56,2025-08-03 16:25:42,IP Address,5.65.200.103,100,1365,True,2025-08-03 16:25:42,R_8VR5jggHXHTA5M5,,,,,54.58,-5.928,anonymous,EN,I agree and I want to participate,6762be457892bc500e7621a9,Desktop,Other,English,25 to 44,Female,"Some college/university, no degree",United Kingdom,"Service & Sales Workers – customer-facing roles (e.g. retail salesperson, waiter/waitress, hairdresser)","Yes, I will",1,5,1,2,7,7,1,Multiple times a day,9,"online news websites,social media platforms (e.g. Facebook, Twitter, Telegram)",,0,0,386.949,0,0,0,133.057,0,1,5,7,3,7,5,1,4,4,7,3,2,,,,,,,,,,,,,,,,,,,,,,,,,,,,,,,,,,,,,,,,,0,0,91.256,0,7,7,7,1,1,7,Because I have read about this subject before,6,4,7,5,4,6,Yes,"that Zelensky only seeks to prolong the conflict. Accusing Ukraine of playing games. Using dialogue that isights emotion. Stating that zelensky refused to call new elections, when in fact this is normal when a country is at war. Accussing him of embezzelment and infering money is zelenskys motivation.Blaming zelensky as the roadblock for peace when in fact Russia started the war.",10.729,302.198,302.901,14,Yes,No,Yes,Yes,Yes,No,No,No,10.729,302.199,302.901,14,,No,nothing,Detractor,1,,
2025-07-27 16:30:20,2025-07-27 16:39:58,IP Address,149.22.204.131,59,578,False,2025-08-03 16:40:03,R_8qDYUPsypBe7cgd,,,,,51.4017,-0.1624,anonymous,EN,I agree and I want to participate,63dd37970407f565167e5361,Desktop,Other,English,18 to 24,Male,"Some college/university, no degree",United Kingdom,"Service & Sales Workers – customer-facing roles (e.g. retail salesperson, waiter/waitress, hairdresser)","Yes, I will",2,2,5,4,3,3,4,Once a month,8,"traditional media (e.g. newspapers, TV news channels),social media platforms (e.g. Facebook, Twitter, Telegram)",,,,,,,,,,,,,,,,,,,,,,8.618,192.819,193.374,7,,,,,,,,,,,,,,,,,,,,,,,,,,,,,,,,,,,,,,,,,,,,,,,,,,,,,,,,,,,,,,,,,,,,,,,,,,,,,,
2025-07-27 18:46:30,2025-07-27 18:54:57,IP Address,86.1.147.123,59,506,False,2025-08-03 18:55:00,R_272v7xAXYFkvM7W,,,,,53.5495,-2.7659,anonymous,EN,I agree and I want to participate,5efe25a46e799912a9e250c3,Desktop,Other,English,25 to 44,Male,Bachelor's degree,United Kingdom,"Managers – people who plan and direct the work of others (e.g. department head, project manager, store manager)","Yes, I will",6,6,2,1,7,6,2,Multiple times a day,7,"traditional media (e.g. newspapers, TV news channels),online news websites,social media platforms (e.g. Facebook, Twitter, Telegram)",,,,,,,,,,,,,,,,,,,,,,,,,,,,,,,,,,,,,,,,,,0,0,252.633,0,,,,,,,,,,,,,,,,,,,,,,,,,,,,,,,,,,,,,,,,,,,,,,,,,,,,,,,,,,
2025-07-27 19:48:44,2025-07-27 19:59:40,IP Address,148.252.129.60,1,655,False,2025-08-03 19:59:43,R_21EQ6UMQFIlgBNW,,,,,51.4964,-0.1224,anonymous,EN,,,,,,,,,,,,,,,,,,,,,,,,,,,,,,,,,,,,,,,,,,,,,,,,,,,,,,,,,,,,,,,,,,,,,,,,,,,,,,,,,,,,,,,,,,,,,,,,,,,,,,,,,,,,,,,,,,,,,,,,,,,,
2025-07-27 21:18:06,2025-07-27 21:27:30,IP Address,81.100.182.227,59,563,False,2025-08-03 21:27:34,R_29uIkGyrY969dTk,,,,,52.6181,-1.1804,anonymous,EN,I agree and I want to participate,66be7301e7d69c455ad941e2,Desktop,Other,English,18 to 24,Female,"Some college/university, no degree",United Kingdom,"Elementary Occupations – routine manual or simple tasks (e.g. cleaner, porter, shelf stacker)","Yes, I will",6,6,2,4,5,6,3,Rarely,8,"traditional media (e.g. newspapers, TV news channels),social media platforms (e.g. Facebook, Twitter, Telegram)",,4.706,245.578,251.604,6,,,,,,,,,,,,,,,,,,,,,,,,,,,,,,,,,,,,,,,,,,,,,,,,,,,,,,,,,,,,,,,,,,,,,,,,,,,,,,,,,,,,,,,,,,,,,,,,,,
2025-07-28 02:16:53,2025-07-28 02:22:34,IP Address,50.68.166.118,18,340,False,2025-08-04 02:22:34,R_3d0TMV1tX64EtTe,,,,,49.3164,-123.0572,anonymous,EN,I agree and I want to participate,652d6e252c94536d1d6070de,Desktop,Other,English,25 to 44,Male,Bachelor's degree,Canada,"Service & Sales Workers – customer-facing roles (e.g. retail salesperson, waiter/waitress, hairdresser)","Yes, I will",5,6,3,5,6,6,,,,,,,,,,,,,,,,,,,,,,,,,,,,,,,,,,,,,,,,,,,,,,,,,,,,,,,,,,,,,,,,,,,,,,,,,,,,,,,,,,,,,,,,,,,,,,,,,,,,,,,,,,,
2025-07-28 05:13:44,2025-07-28 05:35:45,IP Address,166.48.10.236,71,1321,False,2025-08-04 05:35:48,R_6zZMb2MZwm6feb7,,,,,43.0129,-81.2346,anonymous,EN,I agree and I want to participate,66a41150618c8d803d68aad7,Desktop,Other,English,18 to 24,Female,"Some college/university, no degree",Canada,"Technicians & Associate Professionals – support roles requiring specialized training (e.g. lab technician, paralegal, IT support)","Yes, I will",5,6,4,3,5,5,3,Once a week,10,"online news websites,social media platforms (e.g. Facebook, Twitter, Telegram)",,,,,,,,,,,,,,,,,,,,,,,,,,,,,,,,,,,,,,,,,,0,0,163.412,0,0,0,608.297,0,6,3,5,5,3,3,2,3,5,5,5,6,,,,,,,,,,,,,,,,,,,,,,,,,,,,,,,,,,,,,,,,,,
2025-07-28 09:25:26,2025-07-28 09:30:15,IP Address,86.175.109.62,58,288,False,2025-08-04 09:30:22,R_8VqRh8ZhmXfgAAV,,,,,54.9001,-1.4211,anonymous,EN,I agree and I want to participate,5a4698b97a3e3a0001dd564e,Desktop,Other,English,25 to 44,Female,"Some college/university, no degree",United Kingdom,"Managers – people who plan and direct the work of others (e.g. department head, project manager, store manager)","Yes, I will",5,4,4,2,6,6,4,Multiple times a day,9,online news websites,,,,,,,,,,,,,,,,,,,,,,0,0,188.359,0,,,,,,,,,,,,,,,,,,,,,,,,,,,,,,,,,,,,,,,,,,,,,,,,,,,,,,,,,,,,,,,,,,,,,,,,,,,,,,
2025-07-28 09:30:28,2025-07-28 10:57:30,IP Address,216.120.189.221,59,5222,False,2025-08-04 10:57:37,R_2KxSwfRMDDu8MFm,,,,,51.5081,-0.1278,anonymous,EN,I agree and I want to participate,67895b7d6400163124042af7,Desktop,Other,English,25 to 44,Female,Bachelor's degree,United Kingdom,"Technicians & Associate Professionals – support roles requiring specialized training (e.g. lab technician, paralegal, IT support)","Yes, I will",6,5,5,3,6,6,4,Once a week,10,"social media platforms (e.g. Facebook, Twitter, Telegram)",,0,0,477.637,0,,,,,,,,,,,,,,,,,,,,,,,,,,,,,,,,,,,,,,,,,,,,,,,,,,,,,,,,,,,,,,,,,,,,,,,,,,,,,,,,,,,,,,,,,,,,,,,,,,
2025-07-28 10:57:40,2025-07-28 11:19:13,IP Address,79.77.96.72,59,1293,False,2025-08-04 11:19:17,R_8GT9O88vAfBtNQJ,,,,,53.5541,-1.1302,anonymous,EN,I agree and I want to participate,676a9b531cb65fc67fc7eecd,Desktop,Other,English,25 to 44,Male,"Some college/university, no degree",United Kingdom,"Clerical Support Workers – office and admin tasks (e.g. receptionist, data entry clerk, office assistant)","Yes, I will",6,7,1,2,7,6,1,Several times a week,9,"traditional media (e.g. newspapers, TV news channels),online news websites,social media platforms (e.g. Facebook, Twitter, Telegram)",,,,,,,,,,,,,,,,,,,,,,16.423,632.23,634.332,4,,,,,,,,,,,,,,,,,,,,,,,,,,,,,,,,,,,,,,,,,,,,,,,,,,,,,,,,,,,,,,,,,,,,,,,,,,,,,,
2025-07-28 13:05:24,2025-07-28 13:46:30,IP Address,130.88.208.79,59,2466,False,2025-08-04 13:46:33,R_8PIcrFPCFZrBMzb,,,,,53.4809,-2.2374,anonymous,EN,I agree and I want to participate,60537fdcda0ac05f1c59c57f,Desktop,Other,English,25 to 44,Female,Master's degree,United Kingdom,"Technicians & Associate Professionals – support roles requiring specialized training (e.g. lab technician, paralegal, IT support)","Yes, I will",5,5,2,2,6,6,2,Several times a week,8,"online news websites,social media platforms (e.g. Facebook, Twitter, Telegram)",,,,,,,,,,,,,,,,,,,,,,,,,,,,,,,,,,,,,,,,,,190.635,222.196,234.637,2,,,,,,,,,,,,,,,,,,,,,,,,,,,,,,,,,,,,,,,,,,,,,,,,,,,,,,,,,,
2025-07-28 14:16:45,2025-07-28 14:39:50,IP Address,86.160.78.248,59,1385,False,2025-08-04 14:39:51,R_8t7JHE00Ko8jsYN,,,,,52.2242,0.1315,anonymous,EN,I agree and I want to participate,6102f39250ab7e19721ebbfe,Desktop,Other,English,18 to 24,Female,Bachelor's degree,United Kingdom,"Professionals – highly-skilled, degree-level work (e.g. doctor, lawyer, engineer, teacher, accountant)","Yes, I will",3,4,3,5,4,4,2,Once a week,10,"traditional media (e.g. newspapers, TV news channels),social media platforms (e.g. Facebook, Twitter, Telegram),news apps",,,,,,,,,,,,,,,,,,,,,,,,,,,,,,,,,,,,,,,,,,7.402,7.402,250.446,1,,,,,,,,,,,,,,,,,,,,,,,,,,,,,,,,,,,,,,,,,,,,,,,,,,,,,,,,,,
2025-08-05 10:14:52,2025-08-05 10:34:46,IP Address,196.11.179.75,100,1194,True,2025-08-05 10:34:47,R_8pb8TQZaazN5NY0,,,,,-26.2309,28.0583,anonymous,EN,I agree and I want to participate,6056e89e532b129f52091452,Desktop,Other,English,25 to 44,Female,Bachelor's degree,South Africa,"Managers – people who plan and direct the work of others (e.g. department head, project manager, store manager)","Yes, I will",4,5,1,3,5,4,4,Once a day,8,"traditional media (e.g. newspapers, TV news channels),online news websites",,3.916,287.098,290.372,7,48.917,250.535,252.383,3,7,4,2,7,4,5,3,1,7,5,1,3,,,,,,,,,,,,,,,,,,,,,,,,,,,,,,,,,,,,,,,,,15.931,45.682,47.852,3,6,4,5,4,5,4,I had to carefully read the article so I can objectively take in the information,5,3,6,4,3,3,Yes,It contains emotive language use,14.581,82.943,84.196,12,Yes,No,Yes,No,Yes,Yes,Yes,No,14.582,82.943,84.196,12,,Yes,,Detractor,4,,
2025-08-05 10:36:39,2025-08-05 11:31:35,IP Address,41.121.11.188,100,3296,True,2025-08-05 11:31:36,R_8dgxLnTLtqwC3d4,,,,,-25.757,28.1443,anonymous,EN,I agree and I want to participate,60b60bd5aeeb1392d636184d,Desktop,Other,English,25 to 44,Male,Bachelor's degree,South Africa,"Managers – people who plan and direct the work of others (e.g. department head, project manager, store manager)","Yes, I will",5,5,2,3,7,4,2,Several times a week,9,"traditional media (e.g. newspapers, TV news channels),online news websites,social media platforms (e.g. Facebook, Twitter, Telegram)",,,,,,,,,,,,,,,,,,,,,,30.616,356.012,357.073,8,189.242,1569.808,1596.241,9,7,4,5,5,5,5,2,3,5,5,4,5,,,,,,,,,,,,,,,,,,,,,119.806,179.26,190.906,3,6,2,4,4,3,6,"With what I read I already had my own background on the what was being discussed on the article, hence my thoughts would deliberately support statements that the President of Ukraine doesn't really want the war to end ",6,6,4,5,5,4,,,21.084,96.188,97.774,13,Yes,No,No,Yes,Yes,Yes,No,No,21.084,96.188,97.774,13,It should answer a little faster,Yes,"For me it just helped me by asking me more questions to better analyze the article ",Passive,7,,
2025-08-05 11:33:36,2025-08-05 11:56:09,IP Address,1.123.225.78,100,1352,True,2025-08-05 11:56:10,R_9f78CNyfhW6oIF2,,,,,-37.7839,145.379,anonymous,EN,I agree and I want to participate,650aed4bc8f77b094031b0e5,Desktop,Other,English,25 to 44,Female,Bachelor's degree,,"Managers – people who plan and direct the work of others (e.g. department head, project manager, store manager)","Yes, I will",7,7,1,1,7,7,3,Once a day,9,"traditional media (e.g. newspapers, TV news channels),online news websites",,,,,,,,,,,,,,,,,,,,,,,,,,,,,,,,,,,,,,,,,,0,0,396.367,0,0,0,237.17,0,7,4,7,7,7,7,1,2,7,4,3,1,0,0,94.967,0,4,4,5,7,6,7,"It was biased from the start- why?  a well balanced article would state the perspectives of both sides- this did not. I don't value highly biased articles that are written to promote social division and conspiracy theories (even if some of the content is true/believable) . ",3,1,7,1,1,4,Yes,It's biased. It's politically motivated and doesn't state multiple vantage points. Good journalism includes different perspectives.,1.037,103.003,103.89,13,Yes,No,Yes,Yes,Yes,Yes,Yes,No,1.037,103.003,103.89,13,Not sure,No,It didn't' give me anything. I have my answer and the chat immediately ended (maybe it had nothing more to add!?),Detractor,1,didn't' give me much- not sure how much it was supposed to. There was no back and forth conversation,
2025-08-05 12:03:58,2025-08-05 12:59:24,IP Address,216.120.189.214,100,3325,True,2025-08-05 12:59:25,R_20vzlxrbvrYHw9s,,,,,51.5081,-0.1278,anonymous,EN,I agree and I want to participate,673333f751db5adf81499f5d,Desktop,Other,English,45 to 64,Female,Master's degree,United Kingdom,"Managers – people who plan and direct the work of others (e.g. department head, project manager, store manager)","Yes, I will",6,3,2,7,7,6,7,Multiple times a day,11,"traditional media (e.g. newspapers, TV news channels),online news websites,social media platforms (e.g. Facebook, Twitter, Telegram)",,0,0,256.369,0,0,0,824.659,0,7,6,7,7,7,7,5,7,6,7,7,7,,,,,,,,,,,,,,,,,,,,,,,,,,,,,,,,,,,,,,,,,0,0,89.906,0,7,6,7,7,7,7,"i felt more into the article and trying to understand everything bit by bit with better understanding ",4,7,6,7,7,7,No,"cause from the story matches from what we do  hear from the other news  ",3.097,114.227,115.534,12,No,No,Yes,No,Yes,Yes,Yes,No,3.097,114.226,115.533,12,none,Yes,"the article ",Promoter,10,none,
2025-08-05 13:05:06,2025-08-05 13:06:15,IP Address,145.40.131.163,100,68,True,2025-08-05 13:06:15,R_24Qak1X6Y2OXF7P,,,,,50.82,-1.0664,anonymous,EN,I agree and I want to participate,57165ba7c5aca2000a8d32ca,Desktop,Communication and/or Media,English,,,,,,,,,,,,,,,,,,,,,,,,,,,,,,,,,,,,,,,,,,,,,,,,,,,,,,,,,,,,,,,,,,,,,,,,,,,,,,,,,,,,,,,,,,,,,,,,,,,,,,,,,,,,,,,,,,,,,,,
2025-08-05 13:06:23,2025-08-05 13:06:33,IP Address,145.40.131.163,100,10,True,2025-08-05 13:06:33,R_2NODxfkJsrVVJ5U,,,,,50.82,-1.0664,anonymous,EN,I agree and I want to participate,uzh.ch,Desktop,Politics,English,,,,,,,,,,,,,,,,,,,,,,,,,,,,,,,,,,,,,,,,,,,,,,,,,,,,,,,,,,,,,,,,,,,,,,,,,,,,,,,,,,,,,,,,,,,,,,,,,,,,,,,,,,,,,,,,,,,,,,,
2025-08-05 13:28:28,2025-08-05 13:48:11,IP Address,90.242.138.31,100,1182,True,2025-08-05 13:48:11,R_28Oq7UyA6TbTnWi,,,,,53.4809,-2.2374,anonymous,EN,I agree and I want to participate,6150211a925e04bf1277e3fe,Desktop,Other,English,18 to 24,Female,High school diploma or equivalent,United Kingdom,"Service & Sales Workers – customer-facing roles (e.g. retail salesperson, waiter/waitress, hairdresser)","Yes, I will",5,5,3,3,5,5,2,Several times a week,8,"traditional media (e.g. newspapers, TV news channels),online news websites,social media platforms (e.g. Facebook, Twitter, Telegram)",,,,,,,,,,,,,,,,,,,,,,0,0,200.026,0,0,0,486.52,0,5,3,5,3,3,3,3,3,6,4,4,5,,,,,,,,,,,,,,,,,,,,,0,0,77.658,0,4,3,5,5,3,5,"My thoughts felt more deliberate because I already had a positive attitude towards Ukraine, and although I try to see from both sides, I do not allow articles to sway my views if I have done research from non-biased sources previously.",4,3,6,5,3,5,Yes,"Because it paints the picture that Zelensky is completely wrong, and Putin is in the right.",1.539,64.366,65.526,10,Yes,No,Yes,Yes,Yes,Yes,Yes,No,1.539,64.367,65.526,10,"I feel like the voice sounds quite monotone, so perhaps making it more interesting?",Yes,It gave me different viewpoints,Detractor,6,N/A,
2025-08-05 14:02:54,2025-08-05 15:14:28,IP Address,197.185.190.32,100,4293,True,2025-08-05 15:14:28,R_8vutUYst1UWVqY9,,,,,-26.2309,28.0583,anonymous,EN,I agree and I want to participate,609a83645a6b336762951202,Desktop,Other,English,25 to 44,Male,"Some college/university, no degree",South Africa,"Craft & Related Trades Workers – hands-on skilled trades (e.g. carpenter, plumber, electrician)","Yes, I will",7,7,2,1,7,5,4,Several times a week,1,"online news websites,social media platforms (e.g. Facebook, Twitter, Telegram),news apps",,,,,,,,,,,,,,,,,,,,,,,,,,,,,,,,,,,,,,,,,,32.035,982.361,984.412,8,836.999,1760.445,1762.488,2,7,7,7,5,5,7,5,4,2,7,7,7,0,0,220.779,0,7,7,6,2,7,6,"I have been a somewhat slow reader because that's how I am able to absorb more details and capture important points of the article without having to skim through everything and forget most of the information. so, I was giving my honest thoughts on everything I've been doing.",5,7,1,7,4,5,No,"most of the information I read through here is what I've seen in my day-to-day life through social media platforms and other news websites that I trust. hence, I do see most of what I've already seen but there are a few passages that i find suspicious.",1.494,306.248,313.754,25,Yes,No,No,Yes,Yes,No,No,No,1.493,306.247,313.753,25,none that ai is spectacular and a great conversationalist.,Yes,the way it summarized my thoughts and gave me different elements about the topic that I might have been missing.,Promoter,10,no,
2025-08-05 15:15:42,2025-08-05 15:17:44,IP Address,86.150.73.68,100,122,True,2025-08-05 15:17:45,R_2coXDvlNhnI8tpw,,,,,52.7681,-1.2026,anonymous,EN,I agree and I want to participate,6612990fa0e1d2605331a833,Desktop,Politics,English,,,,,,,,,,,,,,,,,,,,,,,,,,,,,,,,,,,,,,,,,,,,,,,,,,,,,,,,,,,,,,,,,,,,,,,,,,,,,,,,,,,,,,,,,,,,,,,,,,,,,,,,,,,,,,,,,,,,,,,
2025-07-29 15:07:26,2025-07-29 15:17:56,IP Address,81.102.175.122,58,629,False,2025-08-05 15:17:57,R_2jwInhJFBa39Qqd,,,,,50.368,-4.1329,anonymous,EN,I agree and I want to participate,647849063b9fd9be24803727,Desktop,Other,English,25 to 44,Male,Master's degree,United Kingdom,"Professionals – highly-skilled, degree-level work (e.g. doctor, lawyer, engineer, teacher, accountant)","Yes, I will",5,5,6,1,6,7,4,Several times a week,7,"online news websites,social media platforms (e.g. Facebook, Twitter, Telegram)",,,,,,,,,,,,,,,,,,,,,,0,0,374.298,0,,,,,,,,,,,,,,,,,,,,,,,,,,,,,,,,,,,,,,,,,,,,,,,,,,,,,,,,,,,,,,,,,,,,,,,,,,,,,,
2025-08-05 15:17:56,2025-08-05 15:18:34,IP Address,86.150.73.68,100,37,True,2025-08-05 15:18:34,R_2dS41ie9WG31TnU,,,,,52.7681,-1.2026,anonymous,EN,I agree and I want to participate,6612990fa0e1d2605331a833,Desktop,Communication and/or Media,English,,,,,,,,,,,,,,,,,,,,,,,,,,,,,,,,,,,,,,,,,,,,,,,,,,,,,,,,,,,,,,,,,,,,,,,,,,,,,,,,,,,,,,,,,,,,,,,,,,,,,,,,,,,,,,,,,,,,,,,
2025-08-05 15:18:36,2025-08-05 15:21:01,IP Address,86.150.73.68,100,145,True,2025-08-05 15:21:01,R_2J9OgyeB0Q5lzDP,,,,,52.7681,-1.2026,anonymous,EN,I agree and I want to participate,6612990fa0e1d2605331a833,Desktop,Communication and/or Media,English,,,,,,,,,,,,,,,,,,,,,,,,,,,,,,,,,,,,,,,,,,,,,,,,,,,,,,,,,,,,,,,,,,,,,,,,,,,,,,,,,,,,,,,,,,,,,,,,,,,,,,,,,,,,,,,,,,,,,,,
2025-08-05 15:25:33,2025-08-05 15:42:57,IP Address,5.133.46.139,100,1043,True,2025-08-05 15:42:58,R_8hEUZQ4doslBoLN,,,,,53.4606,-2.2572,anonymous,EN,I agree and I want to participate,63657dcd84165a0593cbc832,Desktop,Other,English,25 to 44,Male,Bachelor's degree,United Kingdom,"Plant & Machine Operators – operate machinery (e.g. assembly-line worker, forklift operator)","Yes, I will",4,5,3,3,4,5,1,Several times a week,1,"social media platforms (e.g. Facebook, Twitter, Telegram)",,,,,,,,,,,,,,,,,,,,,,172.544,172.544,173.344,1,0,0,360.238,0,5,5,3,3,4,3,5,3,7,4,2,2,,,,,,,,,,,,,,,,,,,,,0,0,57.076,0,2,4,3,3,4,3,"In all fairness, i have already read on this subject, so it was a bit like going back through the notes, as such.",5,5,5,4,3,4,Yes,"America has new puppets to play with (Syria), and so, public opinion needs to shift on Ukraine now that they are done using them as a proxy",6.174,74.303,74.97,16,Yes,Yes,Yes,Yes,Yes,Yes,Yes,Yes,6.175,74.303,74.97,16,,No,,Detractor,0,,
2025-08-05 15:43:20,2025-08-05 15:46:33,IP Address,77.98.43.152,100,193,True,2025-08-05 15:46:34,R_2wKnFEGTM3U594Q,,,,,53.4146,-2.2274,anonymous,EN,I agree and I want to participate,66297cadc95e2a5bf8e909e6,Desktop,Communication and/or Media,English,,,,,,,,,,,,,,,,,,,,,,,,,,,,,,,,,,,,,,,,,,,,,,,,,,,,,,,,,,,,,,,,,,,,,,,,,,,,,,,,,,,,,,,,,,,,,,,,,,,,,,,,,,,,,,,,,,,,,,,
2025-08-05 16:10:24,2025-08-05 16:55:05,IP Address,99.172.164.188,100,2680,True,2025-08-05 16:55:06,R_6OIT5ndicLr78sD,,,,,35.3352,-97.4789,anonymous,EN,I agree and I want to participate,6684b71a5615b7da8e59ce56,Desktop,Other,English,45 to 64,Female,Bachelor's degree,United States,"Managers – people who plan and direct the work of others (e.g. department head, project manager, store manager)","Yes, I will",6,6,2,2,6,6,3,Once a week,8,"online news websites,news apps",,,,,,,,,,,,,,,,,,,,,,,,,,,,,,,,,,,,,,,,,,6.278,6.278,210.891,1,0,0,1547.094,0,4,3,4,4,3,4,3,4,3,4,4,4,0,0,101.571,0,4,3,5,3,4,3,"I feel like I was thinking a variety of thoughts which didn't feel well thought out and deliberate more just a random thought process. I would likely read the article several times in order to have a more complete opinion. ",3,4,4,4,4,4,Yes,"The title for starters is kind of where is starts and leans to Russian biases. Going further into the article quoting Putin's opinion on Zelensky. It feels somewhat biased and in favor of Russia even though it is subtle. ",32.141,279.449,298.472,13,Yes,No,Yes,Yes,Yes,Yes,Yes,No,32.141,279.449,298.472,13,"The Ai interaction went without issue and I see no improvements to be made. ",No,"It stated the same information in different ways. ",Detractor,6,,
2025-08-05 16:56:16,2025-08-05 18:00:27,IP Address,68.33.227.117,100,3850,True,2025-08-05 18:00:27,R_31FOy5wQLIng2wP,,,,,39.3343,-76.4394,anonymous,EN,I agree and I want to participate,65baa72531ba3e8cb06d96ea,Desktop,Other,English,18 to 24,Female,High school diploma or equivalent,United States,"Service & Sales Workers – customer-facing roles (e.g. retail salesperson, waiter/waitress, hairdresser)","Yes, I will",5,6,1,4,5,5,3,Several times a week,8,"traditional media (e.g. newspapers, TV news channels),online news websites,social media platforms (e.g. Facebook, Twitter, Telegram)",,2.75,382.66,663.028,2,1262.951,1262.951,1263.88,1,6,6,6,6,4,6,6,5,4,5,5,5,,,,,,,,,,,,,,,,,,,,,,,,,,,,,,,,,,,,,,,,,116.047,116.047,388.724,1,6,4,5,6,6,5,"A lot of what I was reading was fact which is why I felt the need to think more deliberately ",6,5,6,6,6,6,,,10.122,125.673,126.245,18,No,No,No,No,No,No,,Yes,10.122,125.673,126.245,18,none,No,it's conversational abilities,Detractor,5,nope,
2025-08-05 18:01:26,2025-08-05 18:01:50,IP Address,82.36.155.101,100,23,True,2025-08-05 18:01:50,R_2n7W4VrAILh6zx7,,,,,51.4674,-0.3556,anonymous,EN,I agree and I want to participate,664f41aa9da79278f9638bd5,Desktop,Communication and/or Media,English,,,,,,,,,,,,,,,,,,,,,,,,,,,,,,,,,,,,,,,,,,,,,,,,,,,,,,,,,,,,,,,,,,,,,,,,,,,,,,,,,,,,,,,,,,,,,,,,,,,,,,,,,,,,,,,,,,,,,,,
2025-08-05 18:02:12,2025-08-05 18:30:08,IP Address,37.60.101.30,100,1675,True,2025-08-05 18:30:09,R_2GdfywGzTbvHbAR,,,,,50.746,-1.9791,anonymous,EN,I agree and I want to participate,6163f8a826c9b98b20139416,Desktop,Other,English,45 to 64,Male,High school diploma or equivalent,United Kingdom,"Professionals – highly-skilled, degree-level work (e.g. doctor, lawyer, engineer, teacher, accountant)","Yes, I will",5,3,3,3,5,5,5,Multiple times a day,7,"traditional media (e.g. newspapers, TV news channels),online news websites,social media platforms (e.g. Facebook, Twitter, Telegram)",,0,0,210.759,0,0,0,630.037,0,3,2,6,6,3,3,6,3,7,2,2,4,,,,,,,,,,,,,,,,,,,,,,,,,,,,,,,,,,,,,,,,,0,0,86.568,0,6,3,3,6,6,5,Because I was taking a study and therefore I needed to approach it in that way,5,4,7,2,2,4,Yes,"Because it was a report from what appeared to be a Russian state broadcaster (RT- Russia Today), quoting a ""Russian Diplomat"" with no examination of the claims that were being ade by him.",1.66,138.649,143.765,14,Yes,Yes,Yes,Yes,Yes,Yes,Yes,No,1.66,138.649,143.765,14,"The interactions weren't strong enough, in that they cut out far quicker than they needed to.",No,"Nothing, it was just everyday stuff, although it would have been far better if you'd allowed the study  taker to see the text of the article during the discussion with the bot",Detractor,1,"Let the study taker see the article, otherwise, they are at a disadvantage with the bot which has full knowledge, rather than just a single readthrough",
2025-07-29 18:36:49,2025-07-29 18:40:07,IP Address,90.222.36.77,58,198,False,2025-08-05 18:40:08,R_25TQcgIAAe3TIOa,,,,,51.9916,-0.7357,anonymous,EN,I agree and I want to participate,666861d3a592871c05b6fa7f,Desktop,Other,English,18 to 24,Male,Bachelor's degree,United Kingdom,"Professionals – highly-skilled, degree-level work (e.g. doctor, lawyer, engineer, teacher, accountant)","Yes, I will",6,7,2,3,5,6,2,Once a week,10,online news websites,,0,0,43.703,0,,,,,,,,,,,,,,,,,,,,,,,,,,,,,,,,,,,,,,,,,,,,,,,,,,,,,,,,,,,,,,,,,,,,,,,,,,,,,,,,,,,,,,,,,,,,,,,,,,
2025-08-05 18:31:18,2025-08-05 18:56:56,IP Address,81.101.72.235,100,1538,True,2025-08-05 18:56:57,R_8S06VvAyySRPBth,,,,,54.58,-5.928,anonymous,EN,I agree and I want to participate,6776ea7fcb7e01d38a5b46b6,Desktop,Other,English,25 to 44,Female,Bachelor's degree,United Kingdom,"Professionals – highly-skilled, degree-level work (e.g. doctor, lawyer, engineer, teacher, accountant)","Yes, I will",3,7,1,3,5,5,4,Several times a week,8,"online news websites,social media platforms (e.g. Facebook, Twitter, Telegram)",,,,,,,,,,,,,,,,,,,,,,,,,,,,,,,,,,,,,,,,,,0,0,300.129,0,0,0,685.98,0,7,2,4,6,3,5,2,2,6,5,3,6,0,0,79.089,0,6,3,4,4,5,7,"It is not an area I am familiar with so I found that I needed to fully concentrate on what it was presenting ",1,5,3,6,3,7,No,"It doesn't seem to share just one view ",2.071,85.997,87.815,12,No,No,No,No,No,No,No,No,2.072,85.997,87.816,12,"None ",Yes,"It helped clarify things ",Detractor,6,"None ",
2025-08-05 19:08:58,2025-08-05 19:42:51,IP Address,216.8.152.62,100,2032,True,2025-08-05 19:42:51,R_3eDcW57mqiBAA2l,,,,,42.2839,-82.9786,anonymous,EN,I agree and I want to participate,5e5a96f5a2f2c528edf70f6e,Desktop,Other,English,25 to 44,Female,"Some college/university, no degree",Canada,"Clerical Support Workers – office and admin tasks (e.g. receptionist, data entry clerk, office assistant)","Yes, I will",4,5,5,4,7,5,7,Multiple times a day,8,"traditional media (e.g. newspapers, TV news channels),online news websites,news apps",,0,0,702.394,0,0,0,696.2,0,5,1,6,1,2,2,1,5,4,6,5,5,,,,,,,,,,,,,,,,,,,,,,,,,,,,,,,,,,,,,,,,,0,0,269.189,0,7,7,2,1,1,7,"I had some knowledge about this subject previously. ",6,6,7,7,7,7,Yes,"Because it paints Ukraine in a bad light. ",0.992,33.795,36.557,10,Yes,Yes,Yes,Yes,Yes,Yes,Yes,No,0.992,33.795,36.557,10,None,Yes,I liked talking it out.,Passive,8,I use a similiar tool notebook llm to read out articles like podcasts.,
2025-08-05 19:45:09,2025-08-05 19:46:32,IP Address,5.65.85.157,100,82,True,2025-08-05 19:46:32,R_86k31mE1CebJzmF,,,,,52.1932,0.1426,anonymous,EN,I agree and I want to participate,5b13da851e55760001ba009a,Desktop,Communication and/or Media,English,,,,,,,,,,,,,,,,,,,,,,,,,,,,,,,,,,,,,,,,,,,,,,,,,,,,,,,,,,,,,,,,,,,,,,,,,,,,,,,,,,,,,,,,,,,,,,,,,,,,,,,,,,,,,,,,,,,,,,,
2025-08-05 20:35:26,2025-08-05 20:38:06,IP Address,71.82.223.184,100,160,True,2025-08-05 20:38:06,R_7G3WoXSkoZT4Jln,,,,,43.1142,-88.4961,anonymous,EN,I agree and I want to participate,5da6139c002c29001335b5a2,Desktop,Politics,English,,,,,,,,,,,,,,,,,,,,,,,,,,,,,,,,,,,,,,,,,,,,,,,,,,,,,,,,,,,,,,,,,,,,,,,,,,,,,,,,,,,,,,,,,,,,,,,,,,,,,,,,,,,,,,,,,,,,,,,
2025-08-05 20:38:37,2025-08-05 21:15:22,IP Address,78.105.198.183,100,2205,True,2025-08-05 21:15:23,R_8Peo6YLtU3tILI6,,,,,53.5477,-2.1259,anonymous,EN,I agree and I want to participate,5ee28b04c21e4b3d41f5dd8b,Desktop,Other,English,18 to 24,Female,"Some college/university, no degree",United Kingdom,"Clerical Support Workers – office and admin tasks (e.g. receptionist, data entry clerk, office assistant)","Yes, I will",3,5,2,2,4,4,2,Rarely,7,"online news websites,social media platforms (e.g. Facebook, Twitter, Telegram)",,2.245,148.636,149.1,16,22.739,575.722,576.627,34,5,3,2,6,4,6,1,2,6,3,3,6,,,,,,,,,,,,,,,,,,,,,,,,,,,,,,,,,,,,,,,,,11.059,69.224,86.624,12,5,3,3,3,5,5,I'm not very well educated on the Ukraine-Russia war. Of course I see splices of information in the news and on social media and am generally quite confident in my stance siding with Ukraine. It seemed the article was very pro-Russia and trying to paint Zelensky as a dictator of sorts. While reading I had to bear in mind how little informed I am on the topic.,1,3,5,3,2,6,Yes,"It seems quite clear to me the article has a specific goal of painting Zelensky/Ukraine in a negative light. The source being a Russian diplomat (aka the opposing side) is questionable and seems biased to me too. ",5.605,169.927,173.284,39,Yes,Yes,No,Yes,Yes,Yes,Yes,No,5.605,169.927,173.284,39,"It kept looping back onto its goal I think - it did seem adamant on me adhering to the notion Germany was 'try-harding' so to speak. I think all AI has an issue with providing validation to it's users where there shouldn't be any too and this was definitely present here. ",Yes,"It kind of summarized the information in a way that made it a little bit more digestible for me as a novice on the topic. Being asked questions gave me time to think and actually consider what the article was saying rather than viewing it passively. ",Detractor,1,,
2025-08-05 21:21:45,2025-08-05 22:04:31,IP Address,31.52.255.229,100,2565,True,2025-08-05 22:04:31,R_80PJcsUFZhurnKk,,,,,52.3966,-0.7212,anonymous,EN,I agree and I want to participate,5a94ee9bf6dfdd0001ea50f1,Desktop,Other,English,25 to 44,Male,"Some college/university, no degree",United Kingdom,"Service & Sales Workers – customer-facing roles (e.g. retail salesperson, waiter/waitress, hairdresser)","Yes, I will",3,2,4,5,4,3,3,Several times a week,7,"traditional media (e.g. newspapers, TV news channels),online news websites,social media platforms (e.g. Facebook, Twitter, Telegram)",,,,,,,,,,,,,,,,,,,,,,0,0,211.149,0,0,0,1326.474,0,5,2,4,6,3,3,1,4,5,4,1,3,,,,,,,,,,,,,,,,,,,,,0,0,237.773,0,6,1,4,2,1,5,"I feel like the USA is just in cuckoo land when it comes to Ukraine so as soon as i see any kind of rubbish being spouted by any US sources i tune out with regards to Ukraine. ",3,2,7,2,1,1,Yes,"I felt as though you are being pushed into a certain direction whilst reading the article to suit an agenda by the author. ",1.556,136.456,138.262,13,Yes,Yes,Yes,Yes,Yes,Yes,Yes,No,1.556,136.456,138.262,13,NA,No,"I did not notice any tool being used. I was just given extracted quotes and wasnt informed that this was part of a tool. ",Detractor,5,,
2025-07-29 22:02:49,2025-07-29 22:09:27,IP Address,82.42.144.199,56,397,False,2025-08-05 22:09:31,R_2yk1YczIi8JtXUC,,,,,52.6259,1.3032,anonymous,EN,I agree and I want to participate,66927c8697feb698d0b600d1,Desktop,Other,English,18 to 24,Female,Bachelor's degree,United Kingdom,"Service & Sales Workers – customer-facing roles (e.g. retail salesperson, waiter/waitress, hairdresser)","Yes, I will",3,3,3,4,5,3,3,Once a day,10,"traditional media (e.g. newspapers, TV news channels),online news websites,social media platforms (e.g. Facebook, Twitter, Telegram)",,,,,,,,,,,,,,,,,,,,,,,,,,,,,,,,,,,,,,,,,,,,,,,,,,,,,,,,,,,,,,,,,,,,,,,,,,,,,,,,,,,,,,,,,,,,,,,,,,,,,,,
2025-08-05 22:06:12,2025-08-05 22:22:06,IP Address,109.145.254.248,100,953,True,2025-08-05 22:22:06,R_8Bw5DCkDwnU4h1f,,,,,52.5357,-1.3662,anonymous,EN,I agree and I want to participate,5f1c0a9e47a90a000ad55e2c,Desktop,Other,English,25 to 44,Female,Bachelor's degree,United Kingdom,"Professionals – highly-skilled, degree-level work (e.g. doctor, lawyer, engineer, teacher, accountant)","Yes, I will",4,4,4,4,4,4,4,Rarely,7,"traditional media (e.g. newspapers, TV news channels)",,,,,,,,,,,,,,,,,,,,,,0,0,137.32,0,0,0,110.472,0,1,1,2,4,4,4,4,4,5,4,4,4,,,,,,,,,,,,,,,,,,,,,0,0,87.021,0,2,4,5,4,4,3,I just feel like i allow my thoughts to flow without worry,1,4,4,3,1,4,,,160.816,176.397,177.176,8,No,No,Yes,No,Yes,Yes,Yes,No,160.818,176.397,177.176,8,unsure,Yes,"the clarity ",Detractor,5,,
2025-08-05 22:23:38,2025-08-05 22:25:41,IP Address,89.243.115.100,100,122,True,2025-08-05 22:25:41,R_8E9AN2z6ANWikIP,,,,,52.9538,-1.1571,anonymous,EN,I agree and I want to participate,679153802a458f825959cf4a,Desktop,Communication and/or Media,English,,,,,,,,,,,,,,,,,,,,,,,,,,,,,,,,,,,,,,,,,,,,,,,,,,,,,,,,,,,,,,,,,,,,,,,,,,,,,,,,,,,,,,,,,,,,,,,,,,,,,,,,,,,,,,,,,,,,,,,
2025-08-05 22:25:50,2025-08-05 22:26:18,IP Address,89.243.115.100,100,28,True,2025-08-05 22:26:19,R_8zOMr0c4AdTp4QN,,,,,52.9538,-1.1571,anonymous,EN,I agree and I want to participate,679153802a458f825959cf4a,Desktop,Politics,English,,,,,,,,,,,,,,,,,,,,,,,,,,,,,,,,,,,,,,,,,,,,,,,,,,,,,,,,,,,,,,,,,,,,,,,,,,,,,,,,,,,,,,,,,,,,,,,,,,,,,,,,,,,,,,,,,,,,,,,
2025-07-29 23:17:28,2025-07-29 23:18:36,IP Address,197.185.175.200,3,67,False,2025-08-05 23:18:39,R_2KUyczApfa4K5zP,,,,,-26.2309,28.0583,anonymous,EN,I agree and I want to participate,,,,,,,,,,,,,,,,,,,,,,,,,,,,,,,,,,,,,,,,,,,,,,,,,,,,,,,,,,,,,,,,,,,,,,,,,,,,,,,,,,,,,,,,,,,,,,,,,,,,,,,,,,,,,,,,,,,,,,,,,,,
2025-08-05 22:26:24,2025-08-05 23:19:58,IP Address,89.243.115.100,100,3213,True,2025-08-05 23:19:58,R_8ErUCZLkkgxrYOF,,,,,52.9538,-1.1571,anonymous,EN,I agree and I want to participate,679153802a458f825959cf4a,Desktop,Other,English,45 to 64,Male,Bachelor's degree,United Kingdom,"Managers – people who plan and direct the work of others (e.g. department head, project manager, store manager)","Yes, I will",4,5,4,2,6,6,4,Once a day,9,"traditional media (e.g. newspapers, TV news channels),online news websites,social media platforms (e.g. Facebook, Twitter, Telegram)",,0,0,525.669,0,492.04,492.04,1415.604,1,6,2,6,3,2,6,3,6,5,6,6,6,,,,,,,,,,,,,,,,,,,,,,,,,,,,,,,,,,,,,,,,,0,0,169.032,0,7,3,6,3,5,2,"it felt more spontaneous because it made me question the role of rusia and especially the role of the ukrainian president, my mind was going back and forth between the two presidents. Example the part where it says that the ukrain president's term has expired and has refused to do election, or that he is not willing to sit with the rusian president ",5,6,5,6,5,6,Yes,because the direction at which it comes from wants to paint the president of ukrain as someone that is deliberately looking or prolonging the war with rusia so that he can remain in power and cover up some bad deeds he has done contrarily to what the media tells us. it looks like an article that is meant to instigate regardless of it it is saying the truth.,1.833,288.512,292.935,14,Yes,Yes,Yes,Yes,Yes,Yes,Yes,No,1.833,288.512,292.935,14,the time laps for replying should be a bit shorter.,Yes,it asked questions that made and helped me to think,Detractor,6,no comment,
2025-08-05 23:22:01,2025-08-05 23:24:34,IP Address,86.22.235.53,100,153,True,2025-08-05 23:24:35,R_2DAHs5YhKvXbAHv,,,,,53.4146,-2.2274,anonymous,EN,I agree and I want to participate,67310ae1d0ea0611b90f274e,Desktop,Communication and/or Media,English,,,,,,,,,,,,,,,,,,,,,,,,,,,,,,,,,,,,,,,,,,,,,,,,,,,,,,,,,,,,,,,,,,,,,,,,,,,,,,,,,,,,,,,,,,,,,,,,,,,,,,,,,,,,,,,,,,,,,,,
2025-08-05 23:24:46,2025-08-05 23:25:03,IP Address,86.22.235.53,100,17,True,2025-08-05 23:25:04,R_2KO6xsR8BZENGpM,,,,,53.4146,-2.2274,anonymous,EN,I agree and I want to participate,67310ae1d0ea0611b90f274e,Desktop,Politics,English,,,,,,,,,,,,,,,,,,,,,,,,,,,,,,,,,,,,,,,,,,,,,,,,,,,,,,,,,,,,,,,,,,,,,,,,,,,,,,,,,,,,,,,,,,,,,,,,,,,,,,,,,,,,,,,,,,,,,,,
2025-08-05 23:25:17,2025-08-06 00:01:12,IP Address,86.22.235.53,100,2154,True,2025-08-06 00:01:12,R_87GnlWTL8Hx1WiB,,,,,53.4146,-2.2274,anonymous,EN,I agree and I want to participate,67310ae1d0ea0611b90f274e,Desktop,Other,English,18 to 24,Male,Bachelor's degree,United Kingdom,"Professionals – highly-skilled, degree-level work (e.g. doctor, lawyer, engineer, teacher, accountant)","Yes, I will",3,4,2,3,5,4,6,Multiple times a day,11,"traditional media (e.g. newspapers, TV news channels),online news websites,social media platforms (e.g. Facebook, Twitter, Telegram),news apps",,,,,,,,,,,,,,,,,,,,,,,,,,,,,,,,,,,,,,,,,,20.141,493.289,507.243,11,0,0,827.837,0,6,2,5,3,2,2,3,4,2,5,5,5,0,0,67.673,0,6,3,2,3,3,6,"My thoughts felt deliberate, analyzing the EU migration pact's implications methodically. The article's data, like detention policies and country opt-outs prompted structured reasoning to asses impacts on human rights.",3,3,3,5,4,4,Yes,I think it is propagandistic because of it's points abount the ukranian leade vladimi zelensky's negotiations and prolonged conflict,42.496,118.9,123.246,10,Yes,Yes,No,No,Yes,No,Yes,No,42.493,118.897,123.243,10,none,Yes,The very detailed informations and elaborativeness of the statements.,Passive,8,no,
2025-08-06 00:02:35,2025-08-06 00:03:36,IP Address,173.26.187.233,100,60,True,2025-08-06 00:03:36,R_3cp7TuGaFXoWJIT,,,,,41.3421,-88.8426,anonymous,EN,I agree and I want to participate,65b98fe25e75b5acc3f44626,Desktop,Communication and/or Media,English,,,,,,,,,,,,,,,,,,,,,,,,,,,,,,,,,,,,,,,,,,,,,,,,,,,,,,,,,,,,,,,,,,,,,,,,,,,,,,,,,,,,,,,,,,,,,,,,,,,,,,,,,,,,,,,,,,,,,,,
2025-08-06 00:03:46,2025-08-06 00:24:27,IP Address,173.26.187.233,100,1240,True,2025-08-06 00:24:28,R_3YmEL1bN1mcJymg,,,,,41.3421,-88.8426,anonymous,EN,I agree and I want to participate,65b98fe25e75b5acc3f44626,Desktop,Other,English,25 to 44,Male,"Some college/university, no degree",United States,"Technicians & Associate Professionals – support roles requiring specialized training (e.g. lab technician, paralegal, IT support)","Yes, I will",5,5,1,2,5,5,1,Multiple times a day,8,"traditional media (e.g. newspapers, TV news channels),online news websites,social media platforms (e.g. Facebook, Twitter, Telegram),news apps",,57.332,60.218,194.904,2,0,0,405.66,0,7,2,6,6,5,6,3,4,5,6,5,6,,,,,,,,,,,,,,,,,,,,,,,,,,,,,,,,,,,,,,,,,132.211,132.211,132.881,1,6,2,5,6,7,6,"I took in the fact that this was a Russian diplomat speaking, so I filtered their perspective through that lens. They could be right, but obviously their perspective is skewed by their own incentives.",6,4,5,6,5,6,No,"While it only presents one perspective, it clearly marks who it's from.",1.019,32.616,37.928,10,No,No,No,No,No,No,No,No,1.019,32.617,37.928,10,"It mostly seemed to agree with me and push me to keep speaking, rather than providing a distinct perspective of its own.",No,"It was interesting, but not particularly helpful. ",Detractor,0,No.,
2025-08-06 00:25:48,2025-08-06 00:43:29,IP Address,184.65.120.134,100,1061,True,2025-08-06 00:43:30,R_6g4iljZLtBOuZX3,,,,,49.0424,-122.284,anonymous,EN,I agree and I want to participate,596f003434773e0001fc0d28,Desktop,Other,English,25 to 44,Female,Bachelor's degree,Canada,,"Yes, I will",5,5,1,1,4,5,3,Multiple times a day,10,"traditional media (e.g. newspapers, TV news channels),online news websites,social media platforms (e.g. Facebook, Twitter, Telegram)",,,,,,,,,,,,,,,,,,,,,,133.893,163.53,164.365,5,172.425,232.261,233.397,2,1,2,4,4,5,1,4,2,7,1,1,2,,,,,,,,,,,,,,,,,,,,,53.555,91.04,91.937,2,1,2,2,2,1,4,"I already have my own thoughts about the situation and think Russia is framing things a very biased and incorrect, misleading way.",5,1,7,1,1,5,Yes,"Because it is presenting mainly one viewpoint, that only favours the Russian view.",1.9,93.12,93.868,13,Yes,Yes,Yes,Yes,Yes,Yes,Yes,No,1.9,93.12,93.868,13,,No,Didn't really find the BOT helped illuminate anything for me.,Detractor,0,,
2025-08-06 00:44:22,2025-08-06 01:45:48,IP Address,24.44.182.146,100,3686,True,2025-08-06 01:45:49,R_7vlAPm74oeD5Fqp,,,,,40.9476,-73.8624,anonymous,EN,I agree and I want to participate,5c9bfbfa325c3d001ad360a8,Desktop,Other,English,25 to 44,Female,Bachelor's degree,United States,"Managers – people who plan and direct the work of others (e.g. department head, project manager, store manager)","Yes, I will",5,2,7,6,2,2,1,Once a month,1,"online news websites,social media platforms (e.g. Facebook, Twitter, Telegram)",,,,,,,,,,,,,,,,,,,,,,,,,,,,,,,,,,,,,,,,,,834.613,834.613,876.569,1,446.446,446.446,979.652,1,7,2,5,6,6,1,2,6,3,6,7,7,0,0,43.35,0,4,5,6,6,6,2,I felt like I was learning and updating my thoughts as I was reading the article.,1,4,4,4,4,6,,,19.393,60.853,61.193,10,Yes,No,Yes,Yes,Yes,Yes,Yes,No,19.393,60.853,61.193,10,N/a,Yes,"It discussed the topics at hand in a way that allowed me to look at different perspectives,",Passive,7,No,
2025-08-06 01:46:34,2025-08-06 01:48:37,IP Address,98.97.114.18,100,122,True,2025-08-06 01:48:37,R_5feQ8oxEG6iaQZ5,,,,,33.4532,-112.0748,anonymous,EN,I agree and I want to participate,67207ddb95109f11e89dcfb8,Desktop,Communication and/or Media,English,,,,,,,,,,,,,,,,,,,,,,,,,,,,,,,,,,,,,,,,,,,,,,,,,,,,,,,,,,,,,,,,,,,,,,,,,,,,,,,,,,,,,,,,,,,,,,,,,,,,,,,,,,,,,,,,,,,,,,,
2025-08-06 01:48:45,2025-08-06 02:11:41,IP Address,98.97.114.18,100,1375,True,2025-08-06 02:11:41,R_54juewCM5QD7Jir,,,,,33.4532,-112.0748,anonymous,EN,I agree and I want to participate,67207ddb95109f11e89dcfb8,Desktop,Other,English,25 to 44,Female,Bachelor's degree,United States,"Professionals – highly-skilled, degree-level work (e.g. doctor, lawyer, engineer, teacher, accountant)","Yes, I will",6,7,1,2,7,6,4,Multiple times a day,10,"traditional media (e.g. newspapers, TV news channels),online news websites,social media platforms (e.g. Facebook, Twitter, Telegram),news apps",,,,,,,,,,,,,,,,,,,,,,,,,,,,,,,,,,,,,,,,,,0,0,452.485,0,0,0,206.552,0,7,3,7,7,6,7,2,3,6,6,7,7,0,0,101.917,0,6,7,3,1,3,7,I was careful in considering each fact presented. i did not think of my prior knowledge and remained objective,5,3,6,4,3,3,Yes,it was biased and seemed to try to convince reader that Zelensky is not a legitamate leader,1.763,153.787,155.218,11,Yes,Yes,Yes,Yes,Yes,Yes,Yes,No,1.763,153.787,155.218,11,None to suggest,Yes,It helped me read carefully for clues about the media's tactics,Passive,7,"I do not. Thank you for your time. ",
2025-08-06 02:13:55,2025-08-06 02:30:36,IP Address,75.28.140.147,100,1001,True,2025-08-06 02:30:37,R_6FExM0WagqFj3xe,,,,,32.8707,-79.8029,anonymous,EN,I agree and I want to participate,6604610e7a4c3d8b8aa2309f,Desktop,Other,English,45 to 64,Female,Bachelor's degree,United States,"Professionals – highly-skilled, degree-level work (e.g. doctor, lawyer, engineer, teacher, accountant)","Yes, I will",7,7,1,1,7,7,6,Several times a week,10,"traditional media (e.g. newspapers, TV news channels),online news websites,social media platforms (e.g. Facebook, Twitter, Telegram),news apps",,0,0,168.857,0,0,0,653.645,0,6,6,7,5,5,5,1,4,1,7,7,7,,,,,,,,,,,,,,,,,,,,,,,,,,,,,,,,,,,,,,,,,0,0,36.598,0,5,5,5,5,6,5,It felt more deliberate because there was concrete information,1,4,2,4,4,4,,,24.988,27.341,28.434,8,No,No,No,No,No,No,No,No,24.989,27.341,28.434,8,,Yes,,Promoter,9,,
2025-08-06 02:31:39,2025-08-06 02:32:23,IP Address,174.230.146.159,100,44,True,2025-08-06 02:32:24,R_3b41whwVAqIoeXL,,,,,35.1431,-90.0492,anonymous,EN,I agree and I want to participate,6547bf8012d4702680d55663,Desktop,Politics,English,,,,,,,,,,,,,,,,,,,,,,,,,,,,,,,,,,,,,,,,,,,,,,,,,,,,,,,,,,,,,,,,,,,,,,,,,,,,,,,,,,,,,,,,,,,,,,,,,,,,,,,,,,,,,,,,,,,,,,,
2025-08-06 03:53:52,2025-08-06 03:59:56,IP Address,173.19.33.200,100,363,True,2025-08-06 03:59:56,R_50obkhdkYraJWGT,,,,,30.5538,-87.7119,anonymous,EN,I agree and I want to participate,66cc069b16f2ca209469aca2,Desktop,Politics,English,,,,,,,,,,,,,,,,,,,,,,,,,,,,,,,,,,,,,,,,,,,,,,,,,,,,,,,,,,,,,,,,,,,,,,,,,,,,,,,,,,,,,,,,,,,,,,,,,,,,,,,,,,,,,,,,,,,,,,,
2025-08-06 04:00:07,2025-08-06 04:24:29,IP Address,173.19.33.200,100,1461,True,2025-08-06 04:24:30,R_3ha5mSytt3A6P08,,,,,30.5538,-87.7119,anonymous,EN,I agree and I want to participate,66cc069b16f2ca209469aca2,Desktop,Other,English,25 to 44,Female,Less than high school diploma,United States,"Managers – people who plan and direct the work of others (e.g. department head, project manager, store manager)","Yes, I will",4,4,3,2,5,6,3,Multiple times a day,9,"traditional media (e.g. newspapers, TV news channels),online news websites,news apps",,0,0,235.809,0,0,0,761.589,0,7,6,2,2,3,6,4,4,7,5,3,3,,,,,,,,,,,,,,,,,,,,,,,,,,,,,,,,,,,,,,,,,0,0,97.117,0,2,2,2,6,1,7,"I dont trust anything about putin that paints him in a positive light, hes a bad person",6,5,7,2,1,4,Yes,"I don't trust anything putin says, i trust zelensky",1.803,55.038,56.484,12,Yes,Yes,Yes,Yes,Yes,No,No,No,1.802,55.037,56.483,12,"none, i liked it a lot.",No,i liked how it discussed issues about the articles with me,Promoter,9,,
2025-07-30 04:49:13,2025-07-30 04:51:19,IP Address,70.70.53.94,19,125,False,2025-08-06 04:51:20,R_7lE0s7BF1wkYoLM,,,,,49.1251,-122.6224,anonymous,EN,I agree and I want to participate,652ae1c56ff7f0bc98b5e9a9,Desktop,Other,English,18 to 24,Female,Bachelor's degree,Canada,"Elementary Occupations – routine manual or simple tasks (e.g. cleaner, porter, shelf stacker)","Yes, I will",2,2,6,5,2,2,,,,,,,,,,,,,,,,,,,,,,,,,,,,,,,,,,,,,,,,,,,,,,,,,,,,,,,,,,,,,,,,,,,,,,,,,,,,,,,,,,,,,,,,,,,,,,,,,,,,,,,,,,,
2025-08-06 04:38:15,2025-08-06 04:58:51,IP Address,24.1.95.4,100,1236,True,2025-08-06 04:58:52,R_7uqNrxgEHJfzO7v,,,,,41.5581,-88.1082,anonymous,EN,I agree and I want to participate,678c51c4f4998df7a4eeaa3d,Desktop,Other,English,25 to 44,Male,Bachelor's degree,United States,"Professionals – highly-skilled, degree-level work (e.g. doctor, lawyer, engineer, teacher, accountant)","Yes, I will",5,5,2,2,5,5,5,Several times a week,9,"traditional media (e.g. newspapers, TV news channels),online news websites,social media platforms (e.g. Facebook, Twitter, Telegram)",,,,,,,,,,,,,,,,,,,,,,,,,,,,,,,,,,,,,,,,,,0,0,189.788,0,0,0,658.102,0,7,4,5,4,3,3,2,4,5,5,4,4,0,0,23.339,0,3,4,4,4,4,3,"I have already been in the loop about this and read many articles on it. ",7,5,4,4,4,4,No,I don't,6.008,50.674,51.837,10,No,No,No,No,Yes,No,No,No,6.008,50.674,51.837,10,It seemed to repeat a lot of information,No,Easy to understand my recordings,Detractor,5,Nope,
2025-08-06 05:07:26,2025-08-06 05:16:09,IP Address,216.120.189.103,100,523,True,2025-08-06 05:16:09,R_2EdCY0gIMZtrR1D,,,,,51.5081,-0.1278,anonymous,EN,I agree and I want to participate,674dead660797858926bf530,Desktop,Communication and/or Media,English,,,,,,,,,,,,,,,,,,,,,,,,,,,,,,,,,,,,,,,,,,,,,,,,,,,,,,,,,,,,,,,,,,,,,,,,,,,,,,,,,,,,,,,,,,,,,,,,,,,,,,,,,,,,,,,,,,,,,,,
2025-07-30 05:25:42,2025-07-30 05:43:16,IP Address,69.157.47.18,19,1054,False,2025-08-06 05:43:19,R_7PNAmcrb2VSdiNt,,,,,43.8109,-79.1893,anonymous,EN,I agree and I want to participate,667db9548bb4a257a3bc04fc,Desktop,Other,English,18 to 24,Female,"Some college/university, no degree",Canada,"Clerical Support Workers – office and admin tasks (e.g. receptionist, data entry clerk, office assistant)","Yes, I will",6,4,1,3,6,4,,,,,,,,,,,,,,,,,,,,,,,,,,,,,,,,,,,,,,,,,,,,,,,,,,,,,,,,,,,,,,,,,,,,,,,,,,,,,,,,,,,,,,,,,,,,,,,,,,,,,,,,,,,
2025-08-06 05:17:15,2025-08-06 05:44:14,IP Address,74.15.83.48,100,1619,True,2025-08-06 05:44:15,R_5B9G6UOFon1r7EZ,,,,,43.251,-79.8989,anonymous,EN,I agree and I want to participate,6686bbdb00ead47b5857301b,Desktop,Other,English,18 to 24,Female,Bachelor's degree,Canada,"Professionals – highly-skilled, degree-level work (e.g. doctor, lawyer, engineer, teacher, accountant)","Yes, I will",6,6,2,2,6,6,2,Once a month,8,"online news websites,social media platforms (e.g. Facebook, Twitter, Telegram)",,0,0,221.759,0,0,0,716.379,0,2,7,6,5,2,5,2,4,6,2,2,2,,,,,,,,,,,,,,,,,,,,,,,,,,,,,,,,,,,,,,,,,0,0,105.237,0,3,6,6,2,2,5,"I think when I read news articles I have to take a minute after each sentence to digest it and think about what it means and how it changes my perspective. I wouldn't consider myself particularly politically minded, so I have to pause and try and evaluate material often when reading",4,1,7,3,2,6,Yes,The article clearly has drawn its conclusions - that Zelensky is not interested in peace and rather in extending his presidency and escaping consequences of misconduct - before getting into any of evidence. It is not an appraisal of events but rather presenting a few encounters which support the thesis of the article.,1.853,126.963,133.524,13,Yes,Yes,Yes,Yes,Yes,Yes,Yes,No,1.853,126.963,133.524,13,"I had to exit out of the AI chat thing because it was buffering for a long time and wouldn't load another response, but I think there was still lots of material to be discussed",No,The tool just told me I was right and very smart and reiterated things from the article - not really helpful,Detractor,2,,
2025-08-06 05:46:22,2025-08-06 05:46:57,IP Address,124.190.166.114,100,34,True,2025-08-06 05:46:57,R_4WbYuEcOEZgwlMZ,,,,,-33.7972,151.0895,anonymous,EN,I agree and I want to participate,5e52a8ee0033f9000b01e91b,Desktop,Communication and/or Media,English,,,,,,,,,,,,,,,,,,,,,,,,,,,,,,,,,,,,,,,,,,,,,,,,,,,,,,,,,,,,,,,,,,,,,,,,,,,,,,,,,,,,,,,,,,,,,,,,,,,,,,,,,,,,,,,,,,,,,,,
2025-07-30 05:43:09,2025-07-30 05:53:13,IP Address,27.96.195.71,59,604,False,2025-08-06 05:53:14,R_9RDy47tCXbmJIv7,,,,,-37.8024,144.9659,anonymous,EN,I agree and I want to participate,5b36f7bf06f9f90001fb5a47,Desktop,Other,English,25 to 44,Female,Bachelor's degree,,"Professionals – highly-skilled, degree-level work (e.g. doctor, lawyer, engineer, teacher, accountant)","Yes, I will",1,1,1,7,1,1,1,Rarely,7,"online news websites,social media platforms (e.g. Facebook, Twitter, Telegram)",,0,0,336.198,0,,,,,,,,,,,,,,,,,,,,,,,,,,,,,,,,,,,,,,,,,,,,,,,,,,,,,,,,,,,,,,,,,,,,,,,,,,,,,,,,,,,,,,,,,,,,,,,,,,
2025-08-06 05:47:07,2025-08-06 06:05:21,IP Address,124.190.166.114,100,1093,True,2025-08-06 06:05:21,R_9DeGYt3VtYdkpik,,,,,-33.7972,151.0895,anonymous,EN,I agree and I want to participate,5e52a8ee0033f9000b01e91b,Desktop,Other,English,25 to 44,Male,Bachelor's degree,,"Clerical Support Workers – office and admin tasks (e.g. receptionist, data entry clerk, office assistant)","Yes, I will",3,6,2,3,5,5,2,Several times a week,9,"traditional media (e.g. newspapers, TV news channels),social media platforms (e.g. Facebook, Twitter, Telegram)",,,,,,,,,,,,,,,,,,,,,,0,0,130.668,0,0,0,451.198,0,5,4,2,5,3,4,4,3,6,3,4,5,,,,,,,,,,,,,,,,,,,,,0,0,77.289,0,5,3,4,4,4,6,"My thoughts were very much the same from the start of reading it, that this article was heavily biased against the Ukraine. It didn't offer dual perspective and therefore was biased in its reporting. ",6,3,7,3,2,4,Yes,"it's only offering up only one point of view for the reader to consider, every mention of the Ukrainian leader is negative and paints Russia in a positive light. ",1.618,99.787,100.515,12,Yes,Yes,Yes,Yes,Yes,Yes,Yes,Yes,1.619,99.787,100.515,12,"That it offers an unbiased perspective ",Yes,"I liked how it summarised the article into a voice memo, that's extremely helpful on a number of fronts. ",Detractor,6,,
2025-08-06 08:15:02,2025-08-06 08:16:06,IP Address,98.61.147.156,100,63,True,2025-08-06 08:16:06,R_7LcGcyzVu2ZgOGe,,,,,44.8328,-93.4396,anonymous,EN,I agree and I want to participate,6721e6f65852f068dcbb4658,Desktop,Communication and/or Media,English,,,,,,,,,,,,,,,,,,,,,,,,,,,,,,,,,,,,,,,,,,,,,,,,,,,,,,,,,,,,,,,,,,,,,,,,,,,,,,,,,,,,,,,,,,,,,,,,,,,,,,,,,,,,,,,,,,,,,,,
2025-08-06 08:26:31,2025-08-06 09:29:24,IP Address,93.119.106.117,100,3772,True,2025-08-06 09:29:24,R_5ADs2yNtMgVd8UV,,,,,43.709,-79.4057,anonymous,EN,I agree and I want to participate,672686197f191ae3064f2fb6,Desktop,Other,English,18 to 24,Male,Bachelor's degree,Canada,"Technicians & Associate Professionals – support roles requiring specialized training (e.g. lab technician, paralegal, IT support)","Yes, I will",5,5,3,3,6,5,4,Once a week,9,"traditional media (e.g. newspapers, TV news channels),online news websites,social media platforms (e.g. Facebook, Twitter, Telegram)",,9.968,419.471,421.289,7,195.846,1634.67,1635.927,10,7,3,4,7,5,6,3,4,5,6,6,6,,,,,,,,,,,,,,,,,,,,,,,,,,,,,,,,,,,,,,,,,23.227,97.036,98.955,4,4,1,4,3,5,7,i took my time to carefully read. consciously looking for any bias and the diplomat's agenda,4,5,6,6,3,7,Yes,"i think It is propagandistic  because the entire article is just one side's opinion, using loaded words to trash the other guy without a shred of outside proof.",51.21,220.466,222.76,19,No,Yes,Yes,Yes,Yes,Yes,Yes,No,51.209,220.465,222.759,19,more speed,Yes,"it was very specific and accurate, could analyze what i say properly and respond",Promoter,10,,
2025-08-06 09:31:13,2025-08-06 09:34:19,IP Address,185.69.144.236,100,186,True,2025-08-06 09:34:19,R_8aGyJqJArhH579v,,,,,51.4964,-0.1224,anonymous,EN,I agree and I want to participate,678fda86226cd02a028cd386,Desktop,Communication and/or Media,English,,,,,,,,,,,,,,,,,,,,,,,,,,,,,,,,,,,,,,,,,,,,,,,,,,,,,,,,,,,,,,,,,,,,,,,,,,,,,,,,,,,,,,,,,,,,,,,,,,,,,,,,,,,,,,,,,,,,,,,
2025-08-06 09:34:54,2025-08-06 09:38:13,IP Address,185.69.144.236,100,199,True,2025-08-06 09:38:14,R_8vcbfhRXxJlokih,,,,,51.4964,-0.1224,anonymous,EN,I agree and I want to participate,678fda86226cd02a028cd386,Desktop,Politics,English,,,,,,,,,,,,,,,,,,,,,,,,,,,,,,,,,,,,,,,,,,,,,,,,,,,,,,,,,,,,,,,,,,,,,,,,,,,,,,,,,,,,,,,,,,,,,,,,,,,,,,,,,,,,,,,,,,,,,,,
2025-08-06 09:39:13,2025-08-06 09:41:51,IP Address,185.69.144.236,100,158,True,2025-08-06 09:41:52,R_82qv4J9YJOyXFDP,,,,,51.4964,-0.1224,anonymous,EN,I agree and I want to participate,678fda86226cd02a028cd386,Desktop,Other,Other,,,,,,,,,,,,,,,,,,,,,,,,,,,,,,,,,,,,,,,,,,,,,,,,,,,,,,,,,,,,,,,,,,,,,,,,,,,,,,,,,,,,,,,,,,,,,,,,,,,,,,,,,,,,,,,,,,,,,,,
2025-08-06 09:42:08,2025-08-06 10:22:29,IP Address,85.255.234.13,100,2421,True,2025-08-06 10:22:29,R_8NKwceHHWRfQmR3,,,,,51.4964,-0.1224,anonymous,EN,I agree and I want to participate,678fda86226cd02a028cd386,Desktop,Other,English,25 to 44,Female,Bachelor's degree,United Kingdom,"Professionals – highly-skilled, degree-level work (e.g. doctor, lawyer, engineer, teacher, accountant)","Yes, I will",6,5,2,4,5,3,6,Multiple times a day,10,"traditional media (e.g. newspapers, TV news channels),online news websites,social media platforms (e.g. Facebook, Twitter, Telegram)",,,,,,,,,,,,,,,,,,,,,,,,,,,,,,,,,,,,,,,,,,0,0,165.627,0,0,0,239.986,0,5,6,4,6,5,6,3,4,5,3,4,5,0,0,109.315,0,5,4,6,5,6,5,it ws captivating,4,5,6,5,5,6,,,20.753,61.5,64.1,8,Yes,Yes,Yes,No,Yes,No,Yes,No,20.753,61.501,64.1,8,"no comment ",Yes,"it gives pecfect arguments ",Passive,8,"no comments ",
2025-08-06 10:23:22,2025-08-06 10:42:41,IP Address,90.213.38.213,100,1159,True,2025-08-06 10:42:42,R_2091B7bcSM1LikR,,,,,51.2476,-0.7672,anonymous,EN,I agree and I want to participate,5ea619579a497562c9c5b34d,Desktop,Other,English,25 to 44,Female,Master's degree,United Kingdom,"Managers – people who plan and direct the work of others (e.g. department head, project manager, store manager)","Yes, I will",4,4,3,6,6,5,3,Once a week,8,"online news websites,social media platforms (e.g. Facebook, Twitter, Telegram)",,0,0,206.373,0,0,0,445.852,0,7,2,6,6,5,2,2,3,7,2,2,6,,,,,,,,,,,,,,,,,,,,,,,,,,,,,,,,,,,,,,,,,0,0,72.398,0,6,3,3,3,5,3,"I found myself to be using more spontaneous reasoning during this one because it highlights points I'm familiar with e.g. trying to enforce dictatorship, criticisms of this from other countries, suppressing protest. ",4,5,6,3,4,5,Yes,"I think that the article is propping up an undeniable political through-line about Zelensky not wanting change and enforcing dictator like strategies. ",1.381,95.559,96.557,10,No,Yes,No,Yes,Yes,No,No,No,1.382,95.559,96.557,10,,No,"It was difficult to tell what is helpful because I found the tool enforced the political points given by the article. ",Detractor,2,,
2025-07-30 10:36:16,2025-07-30 10:46:15,IP Address,82.14.145.10,58,599,False,2025-08-06 10:46:18,R_2tL5agptmGeDydl,,,,,51.3304,-0.268,anonymous,EN,I agree and I want to participate,664a6d5a65f30b00d2685804,Desktop,Other,English,45 to 64,Male,High school diploma or equivalent,United Kingdom,"Professionals – highly-skilled, degree-level work (e.g. doctor, lawyer, engineer, teacher, accountant)","Yes, I will",5,5,4,5,5,5,4,Rarely,8,"online news websites,social media platforms (e.g. Facebook, Twitter, Telegram)",,0,0,136.715,0,,,,,,,,,,,,,,,,,,,,,,,,,,,,,,,,,,,,,,,,,,,,,,,,,,,,,,,,,,,,,,,,,,,,,,,,,,,,,,,,,,,,,,,,,,,,,,,,,,
2025-07-30 10:46:47,2025-07-30 11:12:34,IP Address,86.182.51.8,59,1546,False,2025-08-06 11:12:35,R_2GvmcpuYUan991a,,,,,51.3986,-3.2791,anonymous,EN,I agree and I want to participate,603ceb8f82d6b0a88e6cb99a,Desktop,Other,English,45 to 64,Female,Bachelor's degree,United Kingdom,"Managers – people who plan and direct the work of others (e.g. department head, project manager, store manager)","Yes, I will",1,2,6,5,2,1,4,Multiple times a day,7,"traditional media (e.g. newspapers, TV news channels),online news websites",,,,,,,,,,,,,,,,,,,,,,,,,,,,,,,,,,,,,,,,,,28.013,335.21,343.53,36,,,,,,,,,,,,,,,,,,,,,,,,,,,,,,,,,,,,,,,,,,,,,,,,,,,,,,,,,,
2025-08-06 11:10:32,2025-08-06 11:13:21,IP Address,41.13.2.122,100,169,True,2025-08-06 11:13:22,R_8CPqOtyPAUEtSzs,,,,,-26.2309,28.0583,anonymous,EN,I agree and I want to participate,60c5ddb2abdfa0b264af5f3d,Desktop,Communication and/or Media,English,,,,,,,,,,,,,,,,,,,,,,,,,,,,,,,,,,,,,,,,,,,,,,,,,,,,,,,,,,,,,,,,,,,,,,,,,,,,,,,,,,,,,,,,,,,,,,,,,,,,,,,,,,,,,,,,,,,,,,,
2025-08-06 12:11:06,2025-08-06 12:32:53,IP Address,149.34.154.52,100,1307,True,2025-08-06 12:32:54,R_8rH4qrWtT61aMFc,,,,,51.5749,0.0869,anonymous,EN,I agree and I want to participate,66a641d8eae42f430895d856,Desktop,Other,English,18 to 24,Female,Bachelor's degree,United Kingdom,"Service & Sales Workers – customer-facing roles (e.g. retail salesperson, waiter/waitress, hairdresser)","Yes, I will",4,4,2,5,5,6,4,Once a week,10,"traditional media (e.g. newspapers, TV news channels),online news websites,news apps",,,,,,,,,,,,,,,,,,,,,,0,0,156.569,0,0,0,635.949,0,7,5,6,3,2,5,1,5,4,5,5,5,,,,,,,,,,,,,,,,,,,,,0,0,62.025,0,7,3,5,4,5,2,"There was too much information at once and the pace was quite fast too. ",3,5,5,5,5,6,,,10.334,38.899,41.138,12,Yes,No,No,No,Yes,No,Yes,No,10.333,38.898,41.137,12,no,Yes,The way the bot doesn't override what your saying and continues the conversation with a question,Passive,8,,
2025-07-30 13:53:22,2025-07-30 14:18:28,IP Address,90.210.63.183,59,1505,False,2025-08-06 14:18:30,R_8dBloFM3VtQGzWN,,,,,55.8306,-4.2593,anonymous,EN,I agree and I want to participate,67e43d3171f3338caa047245,Desktop,Other,English,45 to 64,Female,Bachelor's degree,United Kingdom,"Managers – people who plan and direct the work of others (e.g. department head, project manager, store manager)","Yes, I will",6,6,1,1,6,7,5,Several times a week,7,"online news websites,news apps",,,,,,,,,,,,,,,,,,,,,,59.785,84.521,91.691,2,,,,,,,,,,,,,,,,,,,,,,,,,,,,,,,,,,,,,,,,,,,,,,,,,,,,,,,,,,,,,,,,,,,,,,,,,,,,,,
2025-08-06 14:42:39,2025-08-06 14:43:50,IP Address,86.146.68.245,100,71,True,2025-08-06 14:43:51,R_808U1yTahwsrlBv,,,,,51.4801,-3.1855,anonymous,EN,I agree and I want to participate,60a033197af9369e76946104,Desktop,Communication and/or Media,English,,,,,,,,,,,,,,,,,,,,,,,,,,,,,,,,,,,,,,,,,,,,,,,,,,,,,,,,,,,,,,,,,,,,,,,,,,,,,,,,,,,,,,,,,,,,,,,,,,,,,,,,,,,,,,,,,,,,,,,
2025-08-06 14:51:19,2025-08-06 14:57:06,IP Address,197.90.235.60,100,346,True,2025-08-06 14:57:06,R_2dLLqynGP11XJCW,,,,,-26.2309,28.0583,anonymous,EN,I agree and I want to participate,6098b2c413a584bdaeba7d3f,Desktop,Communication and/or Media,English,,,,,,,,,,,,,,,,,,,,,,,,,,,,,,,,,,,,,,,,,,,,,,,,,,,,,,,,,,,,,,,,,,,,,,,,,,,,,,,,,,,,,,,,,,,,,,,,,,,,,,,,,,,,,,,,,,,,,,,
2025-08-06 14:57:42,2025-08-06 15:03:43,IP Address,197.90.235.60,100,361,True,2025-08-06 15:03:44,R_8rpehDd50AxF2ns,,,,,-26.2309,28.0583,anonymous,EN,I agree and I want to participate,6098b2c413a584bdaeba7d3f,Desktop,Other,Other,,,,,,,,,,,,,,,,,,,,,,,,,,,,,,,,,,,,,,,,,,,,,,,,,,,,,,,,,,,,,,,,,,,,,,,,,,,,,,,,,,,,,,,,,,,,,,,,,,,,,,,,,,,,,,,,,,,,,,,
2025-08-06 15:04:05,2025-08-06 15:06:25,IP Address,197.90.235.60,100,140,True,2025-08-06 15:06:26,R_2TZOyG0uox9WZXj,,,,,-26.2309,28.0583,anonymous,EN,I agree and I want to participate,6098b2c413a584bdaeba7d3f,Desktop,Politics,English,,,,,,,,,,,,,,,,,,,,,,,,,,,,,,,,,,,,,,,,,,,,,,,,,,,,,,,,,,,,,,,,,,,,,,,,,,,,,,,,,,,,,,,,,,,,,,,,,,,,,,,,,,,,,,,,,,,,,,,
2025-08-06 15:07:12,2025-08-06 16:11:47,IP Address,216.120.189.251,100,3875,True,2025-08-06 16:11:48,R_2dMlIZsTOp3UaMI,,,,,51.5081,-0.1278,anonymous,EN,I agree and I want to participate,6776943837d9bca3085415d9,Desktop,Other,English,25 to 44,Male,Master's degree,United Kingdom,"Professionals – highly-skilled, degree-level work (e.g. doctor, lawyer, engineer, teacher, accountant)","Yes, I will",6,7,1,1,6,6,6,Multiple times a day,9,"online news websites,social media platforms (e.g. Facebook, Twitter, Telegram),news apps",,,,,,,,,,,,,,,,,,,,,,,,,,,,,,,,,,,,,,,,,,14.459,544.016,546.004,20,20.389,1403.816,1405.537,17,6,6,6,6,2,6,5,5,2,6,1,7,3.899,71.152,86.034,3,7,7,6,2,6,6,"The Ukraine-Russian war started as a political backlash. I already hold a believe that the Ukrainian President is only dancing to a political beat of some international powers. I feel a dialogue for peace is long overdue and the war should have ended a long time ago  ",7,6,2,6,5,5,No,I think the article is not a propaganda because I already have same thoughts about Zelensky. I think he doesn't want to negotiate.,12.842,193.489,194.745,15,No,Yes,Yes,No,Yes,No,No,No,12.842,193.489,194.745,15,"The bot took too long to respond, hence made the discussion difficult. ",Yes,Most information shared are true,Passive,7,Improve on the response time of the bot,
2025-08-06 16:12:27,2025-08-06 16:53:29,IP Address,77.100.22.37,100,2462,True,2025-08-06 16:53:30,R_8nPzeWVsZrtmEFW,,,,,51.3904,-0.0992,anonymous,EN,I agree and I want to participate,66acbaf5c803ca1a1ef3f056,Desktop,Other,English,25 to 44,Male,Master's degree,United Kingdom,"Professionals – highly-skilled, degree-level work (e.g. doctor, lawyer, engineer, teacher, accountant)","Yes, I will",6,4,2,4,5,4,4,Several times a week,7,"traditional media (e.g. newspapers, TV news channels),online news websites,social media platforms (e.g. Facebook, Twitter, Telegram)",,,,,,,,,,,,,,,,,,,,,,,,,,,,,,,,,,,,,,,,,,17.512,454.262,455.235,5,0,0,891.131,0,4,3,3,6,5,5,5,4,4,6,6,4,0,0,115.532,0,6,3,6,4,4,4,"The tone of the article seemed to imply that Ukraine’s leadership is choosing continued conflict over negotiation, which is a serious claim with major political and humanitarian implications which caused me to be skeptical and concerned",5,5,3,5,3,5,Yes,i dont think zelensky in good conscience is guilty of what he's being accused of because martial law is the correct tool to use in such  predicament and his term just so happens to have recently ended,10.332,334.439,335.277,23,No,Yes,Yes,Yes,Yes,Yes,Yes,Yes,10.331,334.438,335.276,23,no,Yes,it made coherent and conclusive statements,Detractor,5,,
2025-08-06 17:30:23,2025-08-06 17:31:13,IP Address,81.108.218.34,100,49,True,2025-08-06 17:31:13,R_2BQI36XMkw4NrMl,,,,,52.808,-2.1118,anonymous,EN,I agree and I want to participate,5ec77936a7d9ce00088d79c3,Desktop,Politics,English,,,,,,,,,,,,,,,,,,,,,,,,,,,,,,,,,,,,,,,,,,,,,,,,,,,,,,,,,,,,,,,,,,,,,,,,,,,,,,,,,,,,,,,,,,,,,,,,,,,,,,,,,,,,,,,,,,,,,,,
2025-08-06 17:31:19,2025-08-06 17:31:29,IP Address,81.108.218.34,100,10,True,2025-08-06 17:31:31,R_2o1OwEN8Vi9szfQ,,,,,52.808,-2.1118,anonymous,EN,I agree and I want to participate,5ec77936a7d9ce00088d79c3,Desktop,Communication and/or Media,English,,,,,,,,,,,,,,,,,,,,,,,,,,,,,,,,,,,,,,,,,,,,,,,,,,,,,,,,,,,,,,,,,,,,,,,,,,,,,,,,,,,,,,,,,,,,,,,,,,,,,,,,,,,,,,,,,,,,,,,
2025-08-06 17:31:42,2025-08-06 17:55:12,IP Address,81.108.218.34,100,1409,True,2025-08-06 17:55:12,R_8Hqub7c1FU0s54m,,,,,52.808,-2.1118,anonymous,EN,I agree and I want to participate,5ec77936a7d9ce00088d79c3,Desktop,Other,English,18 to 24,Male,"Some college/university, no degree",United Kingdom,"Technicians & Associate Professionals – support roles requiring specialized training (e.g. lab technician, paralegal, IT support)","Yes, I will",6,6,2,5,5,5,3,Multiple times a day,8,"online news websites,social media platforms (e.g. Facebook, Twitter, Telegram),news apps",,,,,,,,,,,,,,,,,,,,,,8.855,53.321,140.719,2,56.371,56.371,660.882,1,5,5,5,4,4,5,5,3,4,3,3,6,,,,,,,,,,,,,,,,,,,,,0,0,100.945,0,6,6,6,7,6,6,"The reasoning for this was because i am very informed about the Russia, Ukraine war and therefor my viewpoints were being cross referenced with what was said in the article, making my thought more deliberate",7,2,6,3,2,4,Yes,It seemed very pro Russian and did not take into account many of the issue in Ukraine along with the sheer chaos that this conflict has caused for no reason mother than Putin's thirst for power. Saying that everything that Kiev does should be analyzed through the lens of prolonging the war is unjust and and nonsense considering Ukraine's peace terms that were rejected by the Kremlin as he wanted to keep much of the captured land which is abhorrent,0.942,220.906,221.499,46,Yes,No,Yes,Yes,Yes,Yes,Yes,No,0.941,220.905,221.498,46,"none ",Yes,provides insights into both viewpoints,Passive,7,n/a,
